"feature_id_full","feature_id","feature_mz","feature_rt","control_negative_vs_control_positive_p_value","control_negative_vs_P2_negative_p_value","control_negative_vs_P2_positive_p_value","control_positive_vs_P2_negative_p_value","control_positive_vs_P2_positive_p_value","P2_negative_vs_P2_positive_p_value","control_negative_vs_control_positive_p_value_minus_log10","control_negative_vs_P2_negative_p_value_minus_log10","control_negative_vs_P2_positive_p_value_minus_log10","control_positive_vs_P2_negative_p_value_minus_log10","control_positive_vs_P2_positive_p_value_minus_log10","P2_negative_vs_P2_positive_p_value_minus_log10","P2_negative_vs_P2_positive_fold_change","control_positive_vs_P2_positive_fold_change","control_negative_vs_P2_positive_fold_change","control_positive_vs_P2_negative_fold_change","control_negative_vs_P2_negative_fold_change","control_negative_vs_control_positive_fold_change","P2_negative_vs_P2_positive_fold_change_log2","control_positive_vs_P2_positive_fold_change_log2","control_negative_vs_P2_positive_fold_change_log2","control_positive_vs_P2_negative_fold_change_log2","control_negative_vs_P2_negative_fold_change_log2","control_negative_vs_control_positive_fold_change_log2","canopus_npc_pathway","canopus_npc_superclass","canopus_npc_class","sirius_name","gnps_smiles","met_annot_structure_smiles","sirius_smiles","gnps_inchi","gnps_inchi_aux","gnps_inchikey","gnps_inchikey_planar","met_annot_short_inchikey","met_annot_structure_inchi","met_annot_structure_inchikey","sirius_inchi","sirius_inchikey2d"
"837_213.15_4.5",837,213.146686423464,4.497272,6.43929354282591e-14,0.916022143000923,0.755164635737613,6.4170890823334e-14,6.4170890823334e-14,0.936536744094197,13.1911617766281,0.0380940280058595,0.121958356188303,13.1926619317705,13.1926619317705,0.0284751788394061,1.00294056905869,0.506477179038932,1.00815562441128,0.504992214557923,1.00519976508427,1.99052527169005,0.00423611914589896,-0.98143082966962,0.0117183583185267,-0.985666948815519,0.00748223917262773,0.993149187988146,"Fatty acids","Fatty acyls","Fatty alcohols","Triisopropyl orthoformate",NA,NA,"CC(C)OC(OC(C)C)OC(C)C",NA,NA,NA,NA,"MAQZJHHAMPVRNS","nan","nan","InChI=1S/C10H22O3/c1-7(2)11-10(12-8(3)4)13-9(5)6/h7-10H,1-6H3","FPIVAWNGRDHRSQ"
"1939_650.38_8.6",1939,650.381191053735,8.629336,7.98046377936679e-06,2.1727330685728e-06,2.2024619830141e-06,0.999992379702045,0.999646091326861,0.999473783487305,5.09797186917971,5.66299362571201,5.65709157926538,3.30946596197724e-06,0.00015372778824549,0.000228593077752119,0.99849638420039,0.997919327015038,1.93870144141424,0.999422073835737,1.94162089326621,1.94274365565527,-0.00217089156023927,-0.00300490379338701,0.955090646582734,-0.000834012233147751,0.957261538142974,0.958095550376121,"Amino acids and Peptides","Oligopeptides","Depsipeptides","(2R,5S,6R)-5-[[(2S)-4-amino-2-(butylsulfonylmethyl)butanoyl]amino]-N-[(5S,8R)-1-amino-8-methyl-6,9,10-trioxoundecan-5-yl]-6-hydroxy-2-methyl-4-oxoheptanamide",NA,NA,"CCCCS(=O)(=O)CC(CCN)C(=O)NC(C(C)O)C(=O)CC(C)C(=O)NC(CCCCN)C(=O)CC(C)C(=O)C(=O)C",NA,NA,NA,NA,NA,NA,NA,"InChI=1S/C29H52N4O9S/c1-6-7-14-43(41,42)17-22(11-13-31)29(40)33-26(20(4)34)25(37)16-19(3)28(39)32-23(10-8-9-12-30)24(36)15-18(2)27(38)21(5)35/h18-20,22-23,26,34H,6-17,30-31H2,1-5H3,(H,32,39)(H,33,40)","KHSIBIJOAUSZTQ"
"6_139.98_0.3",6,139.982493500839,0.29572558,3.60830155889946e-05,1.03696800382025e-05,9.76160129040338e-06,0.928828124413314,0.969525944263916,0.993679684321207,4.44269717404217,4.98423464378327,5.01047893494153,0.0320646428683346,0.0134405648215857,0.00275358919508014,1.00458206891979,0.98768439312688,1.9531380710384,0.983179397367621,1.94422947757626,1.97749208616634,0.00659542926496147,-0.0178779814282916,0.96579393968119,-0.024473410693253,0.959198510416229,0.983671921109482,"Fatty acids","Small peptides","Aminoacids","Thiosulfuric acid (H2S2O3), S-(2-aminoethyl) ester",NA,NA,"C(CSS(=O)(=O)O)N",NA,NA,NA,NA,NA,NA,NA,"InChI=1S/C2H7NO3S2/c3-1-2-7-8(4,5)6/h1-3H2,(H,4,5,6)","MXTPRJXPLFGHEE"
"2421_130.16_10.6",2421,130.160653885815,10.573946,3.63996992374105e-05,6.67999777914652e-06,5.36126395678238e-06,0.916954713481676,0.601184361508105,0.738277759927887,4.43890220481448,5.17522368191137,5.27073281016846,0.0376521127167599,0.220992325156105,0.131780214180915,1.0171144500152,1.0343262907969,1.94455146933615,1.01692222618747,1.91183152427643,1.88001744385513,0.0244820264709437,0.0486913731351881,0.959437421233064,0.0242093466642445,0.93495539476212,0.910746048097876,NA,NA,NA,NA,NA,NA,NA,NA,NA,NA,NA,NA,NA,NA,NA,NA
"1734_156.99_8.1",1734,156.991670172993,8.081162,5.74782491480352e-05,0.408822497845597,0.0777243504167688,2.71827245497125e-05,4.97925111822006e-05,0.218642784437232,4.24049646943357,0.388465212625428,1.10944289889676,4.56570701568283,4.30283597042927,0.660264850497499,0.954362784782137,1.81021696088986,0.905108480444928,1.89678075230385,0.948390376151923,0.5,-0.0673903084102388,0.856162619762365,-0.143837380237635,0.923552928172604,-0.076447071827396,-1,"Fatty acids","Fatty Acids and Conjugates","Thia fatty acids","Acetic acid, (acetylthio)-",NA,NA,"CC(=O)SCC(=O)O",NA,NA,NA,NA,NA,NA,NA,"InChI=1S/C4H6O3S/c1-3(5)8-2-4(6)7/h2H2,1H3,(H,6,7)","QSBWDKUBOZHGOU"
"1130_293.18_6",1130,293.176040893563,5.9988713,0.000163477893570962,3.93407467329521e-05,4.33110995883279e-05,0.998612463642177,0.999867771761893,0.983995804401768,3.7865409668523,4.40515740092602,4.3634007902004,0.000603017835041983,5.74297911655325e-05,0.00700675332581827,0.992224523510869,0.997554656611338,1.91769564054376,1.00537190219972,1.93272348657361,1.92239656026279,-0.0112614800168878,-0.00353220526977932,0.939373766903929,0.00772927474710857,0.950635246920816,0.942905972173708,"Polyketides","Chromanes","Azaphilones","11-hydroperoxy-3,7,11-trimethyl-8-oxododeca-1,6,9-trien-3-yl acetate",NA,"C=C(C)[C@@H]1CC[C@]2(C)OC3=C(C[C@H]12)C(=O)[C@@H](O)C[C@@H]3OC","CC(=CCCC(C)(C=C)OC(=O)C)C(=O)C=CC(C)(C)OO",NA,NA,NA,NA,"OICVSQXUNLEFRY","InChI=1S/C17H24O4/c1-9(2)10-5-6-17(3)12(10)7-11-15(19)13(18)8-14(20-4)16(11)21-17/h10,12-14,18H,1,5-8H2,2-4H3/t10-,12+,13-,14-,17-/m0/s1","OICVSQXUNLEFRY-QWKMPEQISA-N","InChI=1S/C17H26O5/c1-7-17(6,21-14(3)18)11-8-9-13(2)15(19)10-12-16(4,5)22-20/h7,9-10,12,20H,1,8,11H2,2-6H3","BCZPLJUGHXOZHA"
"308_137.99_1.3",308,137.987456192027,1.3415357,0.00127043915585789,0.000947951369721256,0.00240815487491841,0.464857398259694,0.109209961932097,0.295278282131511,2.89604612943921,3.02321394156851,2.61831558586956,0.332680252802717,0.961737744279549,0.529768494441279,0.927652295891727,0.850765831709665,1.70153166341933,0.917117152059486,1.83423430411897,2,-0.108343941465572,-0.233166001660339,0.766833998339661,-0.124822060194767,0.875177939805233,1,"Fatty acids","Fatty amides","Halogenated fatty acids","1-(2,2-Dichloroethylamino)ethenol",NA,NA,"C=C(NCC(Cl)Cl)O",NA,NA,NA,NA,NA,NA,NA,"InChI=1S/C4H7Cl2NO/c1-3(8)7-2-4(5)6/h4,7-8H,1-2H2","ZDXIOIDDAPSCJQ"
"2486_130.15_10.8",2486,130.151836403264,10.832361,0.00209439189678906,0.000307654779658773,0.000355864727922595,0.736881438466106,0.856384742684568,0.978528743621854,2.67894205107722,3.51193633341747,3.44871505562558,0.132602382917123,0.0673310786813429,0.00942641271112408,0.988024783202601,1.04073404216693,1.86029290350786,1.05334811419758,1.88284032458971,1.78748155449446,-0.0173808646613577,0.0576014374470193,0.895529791854596,0.074982302108377,0.912910656515953,0.837928354407577,NA,NA,NA,NA,NA,NA,NA,NA,NA,NA,NA,NA,NA,NA,NA,NA
"529_139.98_2.8",529,139.982633626541,2.8393047,0.00242089590950045,0.00760697396890442,0.00560142196043523,0.0800297489954511,0.119256374168763,0.949744025893246,2.61602388338,2.11878806989991,2.25170171028323,1.09674854522102,0.923518398934907,0.0223934295760931,1.02448048317756,0.836042270681753,1.67208454136351,0.816064614611946,1.63212922922389,2,0.0348925006096271,-0.258352207412266,0.741647792587734,-0.293244708021893,0.706755291978107,1,"Fatty acids","Fatty amides","N-acyl amines","Thiosulfuric acid (H2S2O3), S-(2-aminoethyl) ester",NA,NA,"C(CSS(=O)(=O)O)N",NA,NA,NA,NA,NA,NA,NA,"InChI=1S/C2H7NO3S2/c3-1-2-7-8(4,5)6/h1-3H2,(H,4,5,6)","MXTPRJXPLFGHEE"
"2388_666.61_10.4",2388,666.610633421566,10.395698,0.00357055711046039,0.00325657742545293,0.0040387657282972,0.487749047838166,0.373233429625097,0.976358995228751,2.44726401606647,2.48723859197255,2.39375133768383,0.311803569742842,0.428019464465979,0.0103904682141179,1.02743412618412,1.22807997157393,0.614039985786966,1.19528828201863,0.597644141009314,0.5,0.0390458986524291,0.296404510900675,-0.703595489099325,0.257358612248246,-0.742641387751754,-1,NA,NA,NA,NA,NA,NA,NA,NA,NA,NA,NA,NA,NA,NA,NA,NA
"2631_130.15_11.3",2631,130.151673163432,11.258704,0.00363626560053032,0.00106547565398096,0.000798608073605989,0.99998527569028,0.979484237647949,0.91012633817662,2.43934440250399,2.9724564694247,3.09766630357719,6.39473354048223e-06,0.00900254849782861,0.0408983173881754,1.02394305891599,1.02198061022946,1.83847465465541,0.998083439631285,1.79548524563634,1.79893300934803,0.0341354898461146,0.0313678246599041,0.878509287580102,-0.00276766518621034,0.844373797733988,0.847141462920198,NA,NA,NA,NA,NA,NA,NA,NA,NA,NA,NA,NA,NA,NA,NA,NA
"915_349.24_4.9",915,349.237435256847,4.942907,0.00394368172259396,0.00126886053671249,0.0039060658958866,0.998507755863838,0.45540572024943,0.213381448157885,2.404098142336,2.89658610955593,2.40826043437675,0.000648557417429273,0.34160151861073,0.670843341766724,1.18186635362029,1.2058848512369,0.605963764524103,1.02032251577603,0.51271767122223,0.502505495365128,0.24106690364536,0.270092152278818,-0.722696569018137,0.0290252486334572,-0.963763472663497,-0.992788721296955,"Alkaloids","Pseudoalkaloids (transamidation)","Imidazole alkaloids","N-[1-bis(2-formamido-2-methylpropyl)phosphanyl-2-methylpropan-2-yl]formamide",NA,"CC[C@H]1C(=O)C[C@H]2[C@@H]3CC[C@H]4C[C@@H](O)[C@]5(O)C[C@]4(CO5)[C@H]3CC[C@]12C","CC(C)(CP(CC(C)(C)NC=O)CC(C)(C)NC=O)NC=O",NA,NA,NA,NA,"YTQLYPLDMHKTML","InChI=1S/C21H32O4/c1-3-14-17(22)9-16-13-5-4-12-8-18(23)21(24)10-20(12,11-25-21)15(13)6-7-19(14,16)2/h12-16,18,23-24H,3-11H2,1-2H3/t12-,13+,14-,15-,16-,18+,19+,20+,21-/m0/s1","YTQLYPLDMHKTML-JHZVCAIQSA-N","InChI=1S/C15H30N3O3P/c1-13(2,16-10-19)7-22(8-14(3,4)17-11-20)9-15(5,6)18-12-21/h10-12H,7-9H2,1-6H3,(H,16,19)(H,17,20)(H,18,21)","PTNRDIQCOIEAAG"
"2810_750.41_11.7",2810,750.407575630055,11.688283,0.0039985418039491,0.00337436359953969,0.00218154262283643,0.551077229204328,0.830298778033892,0.831649725181038,2.39809835916166,2.47180812246836,2.66123629737722,0.258787533876036,0.0807656012355209,0.0800595516564424,1.03786974486163,0.945276890430205,1.84399474161927,0.910785669502513,1.7767111439067,1.95074560722631,0.0536253933742279,-0.0811911095338844,0.882834541748478,-0.134816502908112,0.82920914837425,0.964025651282362,NA,NA,NA,NA,NA,NA,NA,NA,NA,NA,NA,NA,NA,NA,NA,NA
"1068_334.3_5.8",1068,334.296845092249,5.819562,0.004109590679925,0.00254280369575399,0.00139297014057649,0.755384408591165,0.995720913286605,0.632403050906199,2.38620143221211,2.59468716603016,2.8560581929241,0.121831983411992,0.00186237121903737,0.199006043565048,0.908646929607986,1.02953488944384,0.514767444721922,1.13304173039798,0.56652086519899,0.5,-0.138208275554481,0.041992721640606,-0.958007278359394,0.180200997195087,-0.819799002804913,-1,"Fatty acids","Glycerolipids","Monoacylglycerols","(1-Hydroxy-3-tridecoxypropan-2-yl) acetate",NA,NA,"CCCCCCCCCCCCCOCC(CO)OC(=O)C",NA,NA,NA,NA,NA,NA,NA,"InChI=1S/C18H36O4/c1-3-4-5-6-7-8-9-10-11-12-13-14-21-16-18(15-19)22-17(2)20/h18-19H,3-16H2,1-2H3","RHCIFNALYFFESQ"
"1312_318.3_6.7",1312,318.302292424598,6.680587,0.00469712306240178,0.00271801068341593,0.00293819501228854,0.811386080889827,0.763996968902676,0.998657542940793,2.32816806135776,2.56574884056178,2.53191938283094,0.0907724467729191,0.116908364449773,0.000583413384391402,1.01156107136317,1.13428197537922,0.567140987689611,1.12131833409789,0.560659167048945,0.5,0.0165834229046549,0.181779329797378,-0.818220670202621,0.165195906892724,-0.834804093107276,-1,NA,NA,NA,NA,NA,"CCCCCCCCCCCCCC[C@@H](O)[C@@H](O)[C@@H](N)CO",NA,NA,NA,NA,NA,"AERBNCYCJBRYDG","InChI=1S/C18H39NO3/c1-2-3-4-5-6-7-8-9-10-11-12-13-14-17(21)18(22)16(19)15-20/h16-18,20-22H,2-15,19H2,1H3/t16-,17+,18-/m0/s1","AERBNCYCJBRYDG-KSZLIROESA-N",NA,NA
"458_324.23_2.4",458,324.228503659493,2.44969,0.00499669997674979,0.741368096273769,0.477356459796857,0.000705664308427334,0.000508438441490955,0.854412908972892,2.30131672667384,0.129966107152393,0.321157195996016,3.15140184805411,3.29376162118598,0.0683321986894162,1.02827734335836,1.92038516441743,1.09129224156576,1.86757510201035,1.06128200588529,0.568267377704312,0.0402294356632567,0.941395695876863,0.126037498544713,0.901166260213606,0.0858080628814564,-0.815358197332149,"Alkaloids","Lysine alkaloids","Piperidine alkaloids","Barbituric acid, 1,3-dicyclohexyl-5-methyl-",NA,"CCC(C)C(NC)C(=O)NC(CCC1C=CC(N)C=C1)C(=O)O","CC1C(=O)N(C(=O)N(C1=O)C2CCCCC2)C3CCCCC3",NA,NA,NA,NA,"ATAHFPOIIFBWFN","InChI=1S/C17H29N3O3/c1-4-11(2)15(19-3)16(21)20-14(17(22)23)10-7-12-5-8-13(18)9-6-12/h5-6,8-9,11-15,19H,4,7,10,18H2,1-3H3,(H,20,21)(H,22,23)","ATAHFPOIIFBWFN-UHFFFAOYSA-N","InChI=1S/C17H26N2O3/c1-12-15(20)18(13-8-4-2-5-9-13)17(22)19(16(12)21)14-10-6-3-7-11-14/h12-14H,2-11H2,1H3","ILCHAUPJKKIXPX"
"1283_302.31_6.6",1283,302.30697683148,6.6208005,0.0071335112435067,0.00489688172172564,0.00460428534554991,0.756766783662221,0.792237548177486,0.99946230453364,2.14669664990649,2.31008038571473,2.33683776928255,0.121037938430776,0.101144578013717,0.000233580977329933,0.991068162629731,1.13595569514381,0.571439591412467,1.14619330736004,0.576589595912547,0.503047428570817,-0.0129438099214915,0.183906567551414,-0.807327099992672,0.196850377472905,-0.794383290071181,-0.991233667544086,NA,NA,NA,NA,"CCCCCCCCCCCCCCN(CCO)CCO",NA,NA,"1S/C18H39NO2/c1-2-3-4-5-6-7-8-9-10-11-12-13-14-19(15-17-20)16-18-21/h20-21H,2-18H2,1H3",NA,"CPHJEACXPATRSU-UHFFFAOYSA-N","CPHJEACXPATRSU",NA,NA,NA,NA,NA
"1289_302.31_6.6",1289,302.306876513,6.6300254,0.00716676324682941,0.00419910024437109,0.00418824416473629,0.845296727613538,0.84663482649547,0.999999957734884,2.14467694215999,2.37684375740361,2.37796800791329,0.0729908122997944,0.0723038707028801,1.83555069792468e-08,0.999611725637031,1.11825609620741,0.564841949615412,1.1186904550312,0.56506134845052,0.505109653800311,-0.00056027027429132,0.16125062326022,-0.824080856393881,0.161810893534511,-0.82352058611959,-0.985331479654101,NA,NA,NA,NA,"CCCCCCCCCCCCCCN(CCO)CCO",NA,NA,"1S/C18H39NO2/c1-2-3-4-5-6-7-8-9-10-11-12-13-14-19(15-17-20)16-18-21/h20-21H,2-18H2,1H3",NA,"CPHJEACXPATRSU-UHFFFAOYSA-N","CPHJEACXPATRSU",NA,NA,NA,NA,NA
"2418_138.1_10.6",2418,138.104042788205,10.5753975,0.00813516369411305,0.00203993944527225,0.00378848119086461,0.995193182786309,0.949747301377762,0.650718733818844,2.08963370385376,2.69038272422824,2.42153486460407,0.00209260762153253,0.0223919317805195,0.186606689997307,0.950180055494715,0.9648538268876,1.71935572899749,1.01544314817811,1.80950517647131,1.78198570714461,-0.0737271703327237,-0.0516177008980672,0.781868064517165,0.0221094694346563,0.855595234849888,0.833485765415232,"Alkaloids","Nicotinic acid alkaloids","Pyridine alkaloids","2-ethenyl-6-methylpyrazine",NA,"C[C@]12CC[C@H]3[C@@H](CCC4=CC(=O)CC[C@@H]43)[C@@H]1CC[C@@H]2O","CC1=CN=CC(=N1)C=C",NA,NA,NA,NA,"NPAGDVCDWIYMMC","InChI=1S/C18H26O2/c1-18-9-8-14-13-5-3-12(19)10-11(13)2-4-15(14)16(18)6-7-17(18)20/h10,13-17,20H,2-9H2,1H3/t13-,14+,15+,16-,17-,18-/m0/s1","NPAGDVCDWIYMMC-IZPLOLCNSA-N","InChI=1S/C7H8N2/c1-3-7-5-8-4-6(2)9-7/h3-5H,1H2,2H3","KZXOOWGVLDEHDT"
"1315_318.3_6.7",1315,318.301883205123,6.684939,0.00883950792313404,0.00942855578850588,0.00511439980879491,0.532942340125986,0.86983464363814,0.733223403160361,2.05357191057694,2.02555482487843,2.29120532481057,0.273319775438147,0.060563299313523,0.134763681596897,0.916239051883085,1.11765261268463,0.558826306342317,1.21982643109088,0.609913215545439,0.5,-0.126204040263937,0.160471841279319,-0.839528158720681,0.286675881543257,-0.713324118456743,-1,NA,NA,NA,NA,"CCCCCCCCCCCCCC[C@@H](O)[C@@H](O)[C@@H](N)CO","CCCCCCCCCCCCCC[C@@H](O)[C@@H](O)[C@@H](N)CO",NA,"InChI=1S/C18H39NO3/c1-2-3-4-5-6-7-8-9-10-11-12-13-14-17(21)18(22)16(19)15-20/h16-18,20-22H,2-15,19H2,1H3/t16-,17+,18-/m0/s1","AERBNCYCJBRYDG-KSZLIROESA-N","AERBNCYCJBRYDG-KSZLIROESA-N","AERBNCYCJBRYDG","AERBNCYCJBRYDG","InChI=1S/C18H39NO3/c1-2-3-4-5-6-7-8-9-10-11-12-13-14-17(21)18(22)16(19)15-20/h16-18,20-22H,2-15,19H2,1H3/t16-,17+,18-/m0/s1","AERBNCYCJBRYDG-KSZLIROESA-N",NA,NA
"1672_279.16_7.9",1672,279.160620485454,7.8620796,0.0101742273720465,0.999801240400355,0.998530966200507,0.00291920606982576,0.00354941930111841,0.981148255084794,1.99249856105086,8.63287769721198e-05,0.00063846234913907,2.53473524662577,2.44984269340935,0.00826536417918756,1.02954976970989,0.571349187557498,1.01935404350641,0.554950527276106,0.990096907887844,1.78411742889513,0.042013573319471,-0.807555357735334,0.027655217449568,-0.849568931054806,-0.014358355869903,0.835210575184902,NA,NA,NA,NA,"CCCCOC(=O)C1=CC=CC=C1C(=O)OCCCC","CCCCCCCCOC(=O)c1ccccc1C(=O)O",NA,"\"\"InChI=1S/C16H22O4/c1-3-5-11-19-15(17)13-9-7-8-10-14(13)16(18)20-12-6-4-2/h7-10H,3-6,11-12H2,1-2H3\"\"",NA,"DOIRQSBPFJWKBE-UHFFFAOYSA-N","DOIRQSBPFJWKBE","PKIYFBICNICNGJ","InChI=1S/C16H22O4/c1-2-3-4-5-6-9-12-20-16(19)14-11-8-7-10-13(14)15(17)18/h7-8,10-11H,2-6,9,12H2,1H3,(H,17,18)","PKIYFBICNICNGJ-UHFFFAOYSA-N",NA,NA
"2376_666.61_10.4",2376,666.610763931164,10.390471,0.010538948036629,0.0138898714795198,0.0120636883140615,0.45319746043673,0.521898029773665,0.99572569096067,1.9772027368168,1.85730177269245,1.91851989206713,0.343712532439277,0.282414342654102,0.00186028738964624,0.982013181548053,1.23141914881508,0.615709574407538,1.25397415427139,0.626987077135695,0.5,-0.0261857049437541,0.300321908037698,-0.699678091962302,0.326507612981453,-0.673492387018547,-1,NA,NA,NA,NA,NA,NA,NA,NA,NA,NA,NA,NA,NA,NA,NA,NA
"398_163_2.1",398,162.998472609156,2.1198535,0.0106421337073285,0.00741869437647291,0.0072874744733582,0.793950598140345,0.803342191447202,0.999988965939792,1.97297128891908,2.12967251992124,2.13742295348152,0.100206519767518,0.0950994233372048,4.79205789933441e-06,1.0016289099694,0.928392705049971,1.82532709109477,0.926882896259783,1.82235863294973,1.96611528846139,0.00234810842507591,-0.107192908298868,0.868155012166468,-0.109541016723944,0.865806903741391,0.975347920465336,"Amino acids and Peptides","Histidine alkaloids","Imidazole alkaloids","Acetamide, 2,2'-dithiodi-",NA,NA,"C(C(=O)N)SSCC(=O)N",NA,NA,NA,NA,NA,NA,NA,"InChI=1S/C4H8N2O2S2/c5-3(7)1-9-10-2-4(6)8/h1-2H2,(H2,5,7)(H2,6,8)","WFVWTLVPOUCKBR"
"2751_151.1_11.6",2751,151.098063209915,11.5984335,0.011165382908034,0.995781019725473,0.994687615335293,0.00416308379290409,0.00422860561829808,0.999990727601476,1.95212637854913,0.00183615593468122,0.00231328934190293,2.38058484771768,2.37380281752129,4.02697018274801e-06,0.998614613164912,1.83590516831657,0.981922696915961,1.83845213570231,0.983284926908841,0.534843909076379,-0.00200007647662079,0.876491539834067,-0.0263186438360257,0.878491616310688,-0.0243185673594049,-0.902810183670093,"Alkaloids","Nicotinic acid alkaloids","Pyridine alkaloids","Pyrazolo[1,5-a]pyridin-4-amine",NA,"C=C[C@@H](O)CCCCC","C1=CN2C(=CC=N2)C(=C1)N",NA,NA,NA,NA,"VSMOENVRRABVKN","InChI=1S/C8H16O/c1-3-5-6-7-8(9)4-2/h4,8-9H,2-3,5-7H2,1H3/t8-/m1/s1","VSMOENVRRABVKN-MRVPVSSYSA-N","InChI=1S/C7H7N3/c8-6-2-1-5-10-7(6)3-4-9-10/h1-5H,8H2","OGXWKAPKKLJNMT"
"972_279.16_5.3",972,279.156941813067,5.3431835,0.0114897494909902,0.00420804847392731,0.0077553310507239,0.997007363158121,0.818803349644205,0.71899445063033,1.93968944005555,2.37591926604113,2.11039965878733,0.00130163429904324,0.0868203893497629,0.14327446159198,1.10372107309242,1.13804986270056,0.578702820995848,1.03110277627658,0.524319807879025,0.508503924092223,0.142375627452009,0.186563769502906,-0.789105418073469,0.0441881420508971,-0.931481045525478,-0.975669187576375,"Fatty acids","Fatty amides","Primary amides","1-isothiocyanato-10-methanesulfinyldecane",NA,NA,"CS(=O)CCCCCCCCCCN=C=S",NA,NA,NA,NA,NA,NA,NA,"InChI=1S/C12H23NOS2/c1-16(14)11-9-7-5-3-2-4-6-8-10-13-12-15/h2-11H2,1H3","BULCNSNGNSSTBP"
"1855_254.25_8.4",1855,254.249150756596,8.414452,0.0125547245444576,0.628144742639837,0.896628689211849,0.0123268119430678,0.00727337755912416,0.823201789588749,1.90119281143648,0.20194027077437,0.0473873692321483,1.90914922953245,2.1382638677306,0.0844936941157964,1.04976569315606,1.85398754345442,0.943354688776573,1.76609652567375,0.898633566448936,0.508824717893669,0.0700673554691425,0.890631550836744,-0.0841277879007545,0.820564195367601,-0.154195143369897,-0.974759338737498,"Fatty acids","Fatty acyls","Fatty aldehydes","11-Hexadecynal",NA,"C=CCC/C=C/CCCCCCC[C@@H](O)[C@H](C)N","CCCCC#CCCCCCCCCCC=O",NA,NA,NA,NA,"PKCDBAJESFUNQJ","InChI=1S/C16H31NO/c1-3-4-5-6-7-8-9-10-11-12-13-14-16(18)15(2)17/h3,6-7,15-16,18H,1,4-5,8-14,17H2,2H3/b7-6+/t15-,16+/m0/s1","PKCDBAJESFUNQJ-BUWFCSEKSA-N","InChI=1S/C16H28O/c1-2-3-4-5-6-7-8-9-10-11-12-13-14-15-16-17/h16H,2-4,7-15H2,1H3","CJULORNYMKTGAE"
"2718_124.09_11.5",2718,124.087205953506,11.495075,0.0133087826178344,0.996043156675831,0.790737077836173,0.00504120428832622,0.00194274693663377,0.352575662647769,1.87586166853261,0.00172184400589793,0.101967896560895,2.2974657029794,2.71158376717237,0.452747669185207,1.08162297209084,1.82213444676774,1.06523137955792,1.68462994387541,0.984845373151395,0.58460635626944,0.113197697791893,0.865629412778272,0.0911668331596562,0.75243171498638,-0.0220308646322365,-0.774462579618617,"Alkaloids","Nicotinic acid alkaloids","Pyridine alkaloids","2-Vinylpyrimidine",NA,NA,"C=CC1=NC=CC=N1",NA,NA,NA,NA,NA,NA,NA,"InChI=1S/C6H6N2/c1-2-6-7-4-3-5-8-6/h2-5H,1H2","ZDHWTWWXCXEGIC"
"864_139.98_4.6",864,139.982769240691,4.6405625,0.0145605257874157,0.965293123713222,0.936526915765794,0.00310569426996155,0.00282646538039633,0.997685265560484,1.83682294216238,0.0153407875051594,0.0284797364942079,2.50784129922041,2.54875632957231,0.00100644166664348,1.0082532646194,1.8463905738815,1.04291754258509,1.83127656380909,1.03438052638369,0.564841240709248,0.011858077048118,0.884707763926447,0.0606250968737602,0.872849686878329,0.0487670198256421,-0.824082667052687,"Fatty acids","Small peptides","Aminoacids","Thiosulfuric acid (H2S2O3), S-(2-aminoethyl) ester",NA,NA,"C(CSS(=O)(=O)O)N",NA,NA,NA,NA,NA,NA,NA,"InChI=1S/C2H7NO3S2/c3-1-2-7-8(4,5)6/h1-3H2,(H,4,5,6)","MXTPRJXPLFGHEE"
"1675_279.16_7.9",1675,279.160564598157,7.871158,0.014974538264397,0.931136162594333,0.981127318109232,0.00286587131970184,0.00344596478558234,0.983905503429169,1.82464656007829,0.0309868063017532,0.00827463179998343,2.54274331372864,2.46268916493367,0.00704661021699611,1.0277523525946,0.571349187557498,0.956809009060108,0.555921070007874,0.930972336521157,1.6746484109839,0.0394926743320846,-0.807555357735334,-0.0636971212531521,-0.847048032067419,-0.103189795585237,0.743858236482182,NA,NA,NA,NA,"CCCCOC(=O)C1=CC=CC=C1C(=O)OCCCC","CCCCCCCCOC(=O)c1ccccc1C(=O)O",NA,"\"\"InChI=1S/C16H22O4/c1-3-5-11-19-15(17)13-9-7-8-10-14(13)16(18)20-12-6-4-2/h7-10H,3-6,11-12H2,1-2H3\"\"",NA,"DOIRQSBPFJWKBE-UHFFFAOYSA-N","DOIRQSBPFJWKBE","PKIYFBICNICNGJ","InChI=1S/C16H22O4/c1-2-3-4-5-6-9-12-20-16(19)14-11-8-7-10-13(14)15(17)18/h7-8,10-11H,2-6,9,12H2,1H3,(H,17,18)","PKIYFBICNICNGJ-UHFFFAOYSA-N",NA,NA
"369_163_1.9",369,162.998427203822,1.873479,0.0155104731655195,0.00950787243095441,0.0136622448796929,0.889722404675525,0.715105231896893,0.93462494859983,1.80937495331214,2.02191665392158,1.86447793471295,0.0507454730436975,0.145630044535499,0.0293626302295074,0.967151990439252,0.909323165599075,1.75907909799014,0.940207097320957,1.81882384090552,1.93449277939734,-0.0481854641074954,-0.137134987981288,0.814820355869838,-0.0889495238737919,0.863005819977333,0.951955343851125,"Shikimates and Phenylpropanoids","Phenolic acids (C6-C1)","Simple phenolic acids","Hex-5-yne-1-sulfonyl chloride",NA,NA,"C#CCCCCS(=O)(=O)Cl",NA,NA,NA,NA,NA,NA,NA,"InChI=1S/C6H9ClO2S/c1-2-3-4-5-6-10(7,8)9/h1H,3-6H2","VYNDGSIDPUZLRH"
"2414_151.1_10.6",2414,151.099359601863,10.569807,0.0188153015036554,0.00331073906546242,0.00481156804232008,0.894902662857491,0.993019319781754,0.898669166429432,1.72548881798591,2.48007504664009,2.31771336829339,0.0482241996369095,0.00304230196485453,0.046400158809275,0.96900769692024,1.01970398396559,1.73764014544668,1.05231773411757,1.79321604046011,1.70406330932342,-0.045419969737657,0.0281504043086302,0.797129339843191,0.0735703740462874,0.842549309580848,0.768978935534561,"Alkaloids","Nicotinic acid alkaloids","Pyridine alkaloids","3-(Methylamino)pyridine-2-carbonitrile",NA,NA,"CNC1=C(N=CC=C1)C#N",NA,NA,NA,NA,NA,NA,NA,"InChI=1S/C7H7N3/c1-9-6-3-2-4-10-7(6)5-8/h2-4,9H,1H3","UWJGWWBVJKHQNL"
"1861_383.07_8.5",1861,383.072474441958,8.457518,0.0193194114002233,0.480305842996623,0.974824959844609,0.0290289681511621,0.00434813743669049,0.0804143301988788,1.71400610926261,0.318482130067771,0.0110733594790995,1.53716840110325,2.36169673711266,1.0946665511056,1.17800283438065,1.84978115486456,1.03306676857903,1.57026884900249,0.876964586525957,0.558480534771513,0.236343010426422,0.887354597515919,0.0469335006549749,0.651011587089496,-0.189409509771448,-0.840421096860944,"Amino acids and Peptides","Oligopeptides","Cyclamides","1-[2-(4-Acetylpiperazin-1-yl)ethyl]-3-[(5-chlorothiophen-2-yl)methyl]urea",NA,NA,"CC(=O)N1CCN(CC1)CCNC(=O)NCC2=CC=C(S2)Cl",NA,NA,NA,NA,NA,NA,NA,"InChI=1S/C14H21ClN4O2S/c1-11(20)19-8-6-18(7-9-19)5-4-16-14(21)17-10-12-2-3-13(15)22-12/h2-3H,4-10H2,1H3,(H2,16,17,21)","BVDIXHUBKWZGBI"
"965_249.21_5.3",965,249.206468701773,5.309868,0.020538552786982,0.975907647597107,0.96374683472081,0.00466220788021354,0.0104512956790025,0.555274427565282,1.68743016145787,0.0105912786823553,0.0160370353124972,2.33140836590406,1.9808298654037,0.255492326929051,1.12329069623129,0.616564610923507,1.06256305886752,0.548891407177251,0.945937736716309,1.72336043951011,0.167731330890951,-0.697676009708176,0.0875484619711888,-0.865407340599127,-0.080182868919762,0.785224471679365,"Fatty acids","Glycerolipids","Monoacylglycerols",NA,NA,NA,"CCCCOCCCOCCCOCCCO",NA,NA,NA,NA,NA,NA,NA,"InChI=1S/C13H28O4/c1-2-3-8-15-10-5-12-17-13-6-11-16-9-4-7-14/h14H,2-13H2,1H3","QSSDFXGXUGCLSY"
"1164_230.25_6.2",1164,230.249319784175,6.193199,0.0208341765031597,0.00600749951028356,0.0140826402369267,0.998976652789094,0.874114218007119,0.54206575196809,1.68122366089913,2.22130625592667,1.8513159153051,0.000444661607200898,0.0584318156387527,0.26594803083254,1.13303500473425,1.11019030268978,0.619768766581183,0.979837602590371,0.54699878114229,0.558254530848994,0.180192433423557,0.150806996588577,-0.690198043147861,-0.0293854368349801,-0.870390476571418,-0.841005039736438,NA,NA,NA,NA,NA,NA,NA,NA,NA,NA,NA,NA,NA,NA,NA,NA
"2502_163.1_10.9",2502,163.098101441336,10.864574,0.023891907549802,0.975747665604019,0.789436735511274,0.00546268227349045,0.00344573805974024,0.835861707372526,1.62174917443261,0.0106624790592742,0.102682668086653,2.26259405866218,2.46271774010134,0.0778655702800528,1.04108172472595,1.84721928971081,1.07481290576528,1.77432688120336,1.0324001279037,0.581854526829647,0.0580833243808605,0.885355143742653,0.104085549660391,0.827271819361792,0.0460022252795308,-0.781269594082261,"Alkaloids","Nicotinic acid alkaloids","Pyridine alkaloids","4-(1H-imidazol-2-yl)pyridine",NA,NA,"C1=CN=CC=C1C2=NC=CN2",NA,NA,NA,NA,NA,NA,NA,"InChI=1S/C8H7N3/c1-3-9-4-2-7(1)8-10-5-6-11-8/h1-6H,(H,10,11)","QWZSAEUNIBEKIZ"
"2214_139.99_9.9",2214,139.98948955797,9.883542,0.0257753574707268,0.00580122291741103,0.000515231616653788,0.97181492529648,0.041865092641596,0.00933302970373329,1.58879530290235,2.23648044604051,3.28799749480008,0.0124164352543606,1.37814794342166,2.02997735196367,0.783361580694252,0.761324331732576,0.568863604414481,0.971868356191089,0.726182670217662,0.747202710728942,-0.352249720620975,-0.393416907780751,-0.813845313749945,-0.0411671871597754,-0.461595593128969,-0.420428405969194,NA,NA,NA,NA,NA,NA,NA,NA,NA,NA,NA,NA,NA,NA,NA,NA
"1071_290.27_5.8",1071,290.270386683283,5.83337,0.0262644937953368,0.037518569730816,0.0154727975064844,0.546931295752677,0.937968512656039,0.594398621729595,1.58063096508781,1.4257537259927,1.81043115806592,0.262067225310993,0.0278117405220644,0.225922206272927,0.8733339353443,1.11134903688188,0.555674518440942,1.27253618794024,0.63626809397012,0.5,-0.195394694472244,0.152311989270439,-0.847688010729561,0.347706683742682,-0.652293316257318,-1,"Fatty acids","Spingolipids","Sphingoid bases","2-aminohexadecane-1,3,4-triol",NA,NA,"CCCCCCCCCCCCC(C(C(CO)N)O)O",NA,NA,NA,NA,"OCHZTELGZBWSJD","nan","nan","InChI=1S/C16H35NO3/c1-2-3-4-5-6-7-8-9-10-11-12-15(19)16(20)14(17)13-18/h14-16,18-20H,2-13,17H2,1H3","OCHZTELGZBWSJD"
"1169_230.25_6.2",1169,230.249203554337,6.1948647,0.0265591177730483,0.0164310036958384,0.0186253654620656,0.92400902983806,0.880050781974125,0.997277410647437,1.5757863552325,1.78433590666535,1.72989519688296,0.0343237846352179,0.0554922668329848,0.00118401806216589,1.01853299848613,1.12474032898704,0.603077299676336,1.10427480568501,0.592103840104056,0.536192474061526,0.0264927215714539,0.169591962042613,-0.729585162890765,0.143099240471159,-0.756077884462219,-0.899177124933378,"Fatty acids","Fatty acyls","Fatty alcohols","Dodecane, 1-(ethenyloxy)-",NA,NA,"CCCCCCCCCCCCOC=C",NA,NA,NA,NA,NA,NA,NA,"InChI=1S/C14H28O/c1-3-5-6-7-8-9-10-11-12-13-14-15-4-2/h4H,2-3,5-14H2,1H3","LAYAKLSFVAPMEL"
"2738_153.11_11.5",2738,153.113665055023,11.5406275,0.027773063080623,0.986063237319393,0.935138487581936,0.00684239381782825,0.00547012451822948,0.978430434004292,1.55637621943406,0.00609523238312136,0.0291240683371703,2.1647919333682,2.26200278756703,0.00947004706481836,1.01960897195874,1.78764909334164,1.04748523690521,1.75326928509411,1.02734015265962,0.585956852945424,0.0280159733957006,0.838063570425099,0.0669299109473192,0.810047597029398,0.0389139375516188,-0.771133659477779,"Alkaloids","Nicotinic acid alkaloids","Pyridine alkaloids","5,6,7,8-Tetrahydropyrido[3,4-d]pyrimidine",NA,"CCCCC(CC)CO","C1CNCC2=NC=NC=C21",NA,NA,NA,NA,"YIWUKEYIRIRTPP","InChI=1S/C8H18O/c1-3-5-6-8(4-2)7-9/h8-9H,3-7H2,1-2H3","YIWUKEYIRIRTPP-UHFFFAOYSA-N","InChI=1S/C7H9N3/c1-2-8-4-7-6(1)3-9-5-10-7/h3,5,8H,1-2,4H2","WGJUBVJZKNTGRC"
"2215_184.99_9.9",2215,184.987806225793,9.885368,0.0288235929193843,0.0363387376401998,0.00331657490257731,0.618912293486896,0.650401952164822,0.031261905212874,1.54025188445867,1.43963016358323,2.47931019001081,0.208370890807755,0.186818163888254,1.5049845580435,0.764926335491762,0.869567373631616,0.562966090150808,1.13679884360705,0.735974255336475,0.647409398307649,-0.386607275889744,-0.2016302837573,-0.828880069641565,0.184976992132444,-0.442272793751821,-0.627249785884265,"Alkaloids","Phenolic acids (C6-C1)","Cyanogenic glycosides","4-Nitrophenylethynyl radical","CC1C(O1)C2=CC(OC2=O)C(C)O",NA,"[C]#CC1=CC=C(C=C1)[N+](=O)[O-]","InChI=1S/C9H12O4/c1-4(10)7-3-6(9(11)13-7)8-5(2)12-8/h3-5,7-8,10H,1-2H3",NA,"VMLNPJDEXLLCQG-UHFFFAOYSA-N","VMLNPJDEXLLCQG",NA,NA,NA,"InChI=1S/C8H4NO2/c1-2-7-3-5-8(6-4-7)9(10)11/h3-6H","AGCSULNWXLNEMI"
"1674_301.14_7.9",1674,301.142669601947,7.871126,0.0292163727176018,0.999470192122334,0.869983606251649,0.0110446491240872,0.0214738660006892,0.741843052024952,1.53437370375131,0.000230153611722576,0.0604889310383091,1.95684807661403,1.66808976126374,0.129687966485538,1.10273391154228,0.622555340258923,1.12225808510193,0.564556266695582,1.01770524453388,1.80266397624214,0.14108471222565,-0.683726007797453,0.16640448992193,-0.824810720023103,0.0253197776962791,0.850130497719382,NA,NA,NA,NA,NA,NA,NA,NA,NA,NA,NA,NA,NA,NA,NA,NA
"179_214_0.5",179,214.003725975823,0.49961653,0.0303531282845899,0.0753364501366276,0.0449683857298792,0.347432763298022,0.550802387763037,0.893693301405957,1.51779654258799,1.12299484766336,1.34709270240735,0.459129229502572,0.259004185717105,0.0488114972665159,1.05496748327104,0.859877823401038,1.71975564680208,0.815075191450355,1.63015038290071,2,0.0771985321584473,-0.217796407276272,0.782203592723728,-0.294994939434719,0.705005060565281,1,"Fatty acids","Fatty Acids and Conjugates","Halogenated fatty acids","Methyl 5,5-dichloro-3-oxo-4-pentenoate",NA,NA,"COC(=O)CC(=O)C=C(Cl)Cl",NA,NA,NA,NA,NA,NA,NA,"InChI=1S/C6H6Cl2O3/c1-11-6(10)3-4(9)2-5(7)8/h2H,3H2,1H3","GPCRARQCGUBRIQ"
"1390_374.33_7",1390,374.328220833796,7.017692,0.03634870119388,0.0169120422643956,0.0214524793746537,0.991301346501509,0.953899642080434,0.98282578441193,1.43951110267037,1.77180394470252,1.66852250690565,0.00379430391168062,0.0204973141673339,0.00752345833671759,1.03486119313571,1.08198584569766,0.6140464239898,1.04553717240006,0.593361146463703,0.56751798226516,0.0494372707155084,0.113681626266987,-0.703580362536199,0.0642443555514787,-0.753017633251707,-0.817261988803186,"Fatty acids","Fatty esters","Monoacylglycerols","Dodecyl hydrogen azelate",NA,NA,"CCCCCCCCCCCCOC(=O)CCCCCCCC(=O)O",NA,NA,NA,NA,NA,NA,NA,"InChI=1S/C21H40O4/c1-2-3-4-5-6-7-8-9-13-16-19-25-21(24)18-15-12-10-11-14-17-20(22)23/h2-19H2,1H3,(H,22,23)","FIQPWWYQZYPWCG"
"2480_321.32_10.8",2480,321.315521321386,10.813603,0.0378431537511829,0.0484331995710053,0.915181580457984,0.649563855259272,0.0259342474430634,0.0159857611457175,1.42201267777599,1.31485683985016,0.0384927293573859,0.187378149250532,1.58612634979366,1.79626668041105,1.44560893908938,1.77906318183111,0.935209886928516,1.23066697619606,0.646931449882722,0.525675477115964,0.531677332413686,0.831117747533577,-0.0966379129355204,0.299440415119892,-0.628315245349206,-0.927755660469098,"Fatty acids","Fatty Acids and Conjugates","Unsaturated fatty acids","Erucic Acid",NA,"CCC=CCC=CCC=CCCCCCCCCCCCCO","CCCCCCCCC=CCCCCCCCCCCCC(=O)O","InChI=1S/C20H32O3/c113(1018(22)23)6819(4)14(2)7920(5)15(3)1116(21)1217(19)20/h11,1314,17H,610,12H2,15H3,(H,22,23)",NA,NA,NA,"LCDDKECOTQQPAO","InChI=1S/C22H40O/c1-2-3-4-5-6-7-8-9-10-11-12-13-14-15-16-17-18-19-20-21-22-23/h3-4,6-7,9-10,23H,2,5,8,11-22H2,1H3","LCDDKECOTQQPAO-UHFFFAOYSA-N","InChI=1S/C22H42O2/c1-2-3-4-5-6-7-8-9-10-11-12-13-14-15-16-17-18-19-20-21-22(23)24/h9-10H,2-8,11-21H2,1H3,(H,23,24)","DPUOLQHDNGRHBS"
"1913_688.52_8.6",1913,688.524280561644,8.551469,0.0379114206927883,0.0182624408094557,0.0159463252594152,0.988722204613574,0.997751321071909,0.996535272524782,1.42122994051481,1.73844117865072,1.79733938178734,0.00492571239704688,0.000977688516266567,0.00150732476904375,0.978777999198473,1.03052659730296,0.572195251903709,1.05287061841077,0.584601668991623,0.555245496235838,-0.0309464217536565,0.043381740492786,-0.805420568710702,0.0743281622464426,-0.774474146957046,-0.848802309203488,"Amino acids and Peptides","Oligopeptides","Open-chain polyketides","(E)-1-ethyl-14-propyl-1,5,10,14-tetra-BOC-1,5,10,14-tetraazatetradec-7-ene",NA,NA,"CCCN(CCCN(CC=CCN(CCCN(CC)C(=O)OC(C)(C)C)C(=O)OC(C)(C)C)C(=O)OC(C)(C)C)C(=O)OC(C)(C)C",NA,NA,NA,NA,"SPPSEAUTRSATJZ","nan","nan","InChI=1S/C35H66N4O8/c1-15-21-37(29(41)45-33(6,7)8)25-20-27-39(31(43)47-35(12,13)14)23-18-17-22-38(30(42)46-34(9,10)11)26-19-24-36(16-2)28(40)44-32(3,4)5/h17-18H,15-16,19-27H2,1-14H3","IJQMHMOLWPLVHY"
"1929_600.47_8.6",1929,600.47148995328,8.598164,0.0379678515892226,0.0336767737209851,0.0698308761134474,0.818294359160779,0.487817824684089,0.753858234035644,1.42058397671701,1.47266952115954,1.15595250917123,0.0870904425838816,0.31174233477155,0.122710317213443,1.11337310287398,1.31948640041266,0.662344173691322,1.18512509149595,0.594898666028121,0.501971201434271,0.154937135775484,0.399976481275528,-0.594347015849633,0.245039345500044,-0.749284151625116,-0.994323497125161,NA,NA,NA,NA,"CCCCCCCCCCCCOCCOCCOCCOCCOCCOCCOCCOCCOCCO",NA,NA,"\"\"InChI=1S/C30H62O10/c1-2-3-4-5-6-7-8-9-10-11-13-32-15-17-34-19-21-36-23-25-38-27-29-40-30-28-39-26-24-37-22-20-35-18-16-33-14-12-31/h31H,2-30H2,1H3\"\"","ONJQDTZCDSESIW-UHFFFAOYSA-N","ONJQDTZCDSESIW-UHFFFAOYSA-N","ONJQDTZCDSESIW","FPTGOQRFJXQGQS","nan","nan",NA,NA
"2211_130.15_9.8",2211,130.153046379983,9.788138,0.0397949126373307,0.0481960140750851,0.0206915692231998,0.682272004366961,0.980594696960821,0.644196627105495,1.40017244437741,1.31698887746189,1.6842065717251,0.166042448738252,0.0085104597405443,0.190981553396033,1.08581093478034,0.962803472776445,1.78673811932197,0.88671373803324,1.64553336321247,1.85576617642387,0.118772917874604,-0.0546867493479894,0.83732819529598,-0.173459667222593,0.718555277421376,0.89201494464397,NA,NA,NA,NA,NA,NA,NA,NA,NA,NA,NA,NA,NA,NA,NA,NA
"431_470.37_2.3",431,470.370824110273,2.3146868,0.0412376091783312,0.989634682525352,0.516332550474827,0.0108264417577846,0.00377013316487951,0.350135808280991,1.38470652163189,0.00452509292073186,0.287070495433123,1.96551425610566,2.42364330980721,0.455763471801096,0.859223428635732,0.537510690753589,0.828763530894645,0.625577321148056,0.964549502811566,1.54185497172665,-0.218894762742156,-0.895634645592142,-0.270967575158069,-0.676739882849986,-0.0520728124159128,0.624667070434073,"Fatty acids","Fatty acyls","Fatty alcohols",NA,NA,NA,"CC(CCCC(CC(CCCC(CC(CC(CCCC(CC(C)O)O)O)O)O)O)O)O",NA,NA,NA,NA,NA,NA,NA,"InChI=1S/C23H48O8/c1-16(24)6-3-7-19(27)13-20(28)9-5-11-22(30)15-23(31)14-21(29)10-4-8-18(26)12-17(2)25/h16-31H,3-15H2,1-2H3","JLTZPFHFOCOCED"
"2175_540.45_9.6",2175,540.452793505174,9.62573,0.041276461111815,0.0189903828960689,0.0252030767218456,0.993826538885293,0.951989481299975,0.973048151766241,1.38429754455657,1.72146627865564,1.59854643851383,0.00268941014879992,0.0213678501854995,0.0118656679238964,1.04351572906601,1.08840694829371,0.609674584038284,1.04301920706828,0.584250497674786,0.560153153187849,0.0614523466161099,0.122218071767187,-0.713888690349777,0.0607657251510771,-0.775341036965887,-0.836106762116964,NA,NA,NA,NA,NA,NA,NA,NA,NA,NA,NA,NA,NA,NA,NA,NA
"1943_512.42_8.6",1943,512.418509649938,8.648612,0.0426853419919045,0.0215378831857101,0.0368273426642879,0.986016992090147,0.841927090852662,0.86326280600836,1.36972123469207,1.66679698283659,1.43382961722633,0.0061156007713647,0.0747255158772503,0.0638569704212951,1.0782811284807,1.13891119554998,0.644035791537437,1.05622844123658,0.597280036278559,0.565483765594586,0.108733365278533,0.187655260009689,-0.634787228226467,0.0789218947311562,-0.743520593505,-0.822442488236156,"Fatty acids","Fatty amides","Aminoacids","N-decyl-N'-[2-[(3-imino-2-oxotridecanoyl)amino]ethyl]oxamide",NA,"CC(=O)NC(=N)NCCCCNC(=N)NCCCCNC(=N)NCCCCNC(=N)NCCCCN","CCCCCCCCCCC(=N)C(=O)C(=O)NCCNC(=O)C(=O)NCCCCCCCCCC",NA,NA,NA,NA,"XGUDPXVVHRTYBT","InChI=1S/C22H49N13O/c1-18(36)35-22(27)34-17-9-8-16-33-21(26)32-15-7-6-14-31-20(25)30-13-5-4-12-29-19(24)28-11-3-2-10-23/h2-17,23H2,1H3,(H3,24,28,29)(H3,25,30,31)(H3,26,32,33)(H3,27,34,35,36)","XGUDPXVVHRTYBT-UHFFFAOYSA-N","InChI=1S/C27H50N4O4/c1-3-5-7-9-11-13-15-17-19-23(28)24(32)25(33)30-21-22-31-27(35)26(34)29-20-18-16-14-12-10-8-6-4-2/h28H,3-22H2,1-2H3,(H,29,34)(H,30,33)(H,31,35)","AGPQCYOMAWMTIP"
"1671_324.22_7.9",1671,324.218502964722,7.8630943,0.0430177668478865,0.925464706960258,0.763996958906914,0.0293126608528956,0.0445951778034505,0.931087887319331,1.36635213859786,0.0336401386233061,0.116908370131869,1.53294475674823,1.35071210017971,0.0310093231257103,1.05983956059078,0.650372543193252,1.17430876808378,0.613651884093397,1.10800616597968,1.80559400973181,0.083845884921636,-0.620661742509889,0.231811794831798,-0.704507627431525,0.147965909910162,0.852473537341687,"Fatty acids","Fatty esters","Halogenated fatty acids","(4E)-4-Fluoro-5-[(2-methoxyethoxy)methoxy]-6-(allyloxy)-4-octen-3-ol",NA,NA,"CCC(C(=C(C(CC)OCC=C)OCOCCOC)F)O",NA,NA,NA,NA,NA,NA,NA,"InChI=1S/C15H27FO5/c1-5-8-20-13(7-3)15(14(16)12(17)6-2)21-11-19-10-9-18-4/h5,12-13,17H,1,6-11H2,2-4H3","VAGRPRINVLBCCA"
"2026_263.24_8.8",2026,263.238689010761,8.818747,0.0448506493417399,0.167226780511854,0.60321778674935,0.268862335638385,0.0667509559611076,0.341975749634832,1.34823126491659,0.77669417129187,0.21952586114822,0.570470032920243,1.17554251025311,0.466004689771894,1.1777455853338,1.71445641275827,0.857228206379137,1.45571032836634,0.72785516418317,0.5,0.236027924212184,0.777751226585109,-0.222248773414891,0.541723302372925,-0.458276697627075,-1,"Fatty acids","Fatty Acids and Conjugates","Unsaturated fatty acids","Selin Cla","CC(C)(C)C1=CC(=C(O)C(=C1)C(C)(C)C)C(C)(C)C","CC(=O)CC[C@@]1(C)[C@H](C)CC[C@@]2(C)C(C)=CCC[C@@H]12","CCCCCCC=CC=CCCCCCCCC(=O)O","\"\"InChI=1S/C18H30O/c1-16(2,3)12-10-13(17(4,5)6)15(19)14(11-12)18(7,8)9/h10-11,19H,1-9H3\"\"",NA,"PFEFOYRSMXVNEL-UHFFFAOYSA-N","PFEFOYRSMXVNEL","GMVGICPZYOQEHV","InChI=1S/C18H30O/c1-13-7-6-8-16-17(13,4)11-9-14(2)18(16,5)12-10-15(3)19/h7,14,16H,6,8-12H2,1-5H3/t14-,16-,17+,18+/m1/s1","GMVGICPZYOQEHV-BGTYHANMSA-N","InChI=1S/C18H32O2/c1-2-3-4-5-6-7-8-9-10-11-12-13-14-15-16-17-18(19)20/h7-10H,2-6,11-17H2,1H3,(H,19,20)","JBYXPOFIGCOSSB"
"2027_280.27_8.8",2027,280.265182869361,8.813586,0.045715276211575,0.176983968952205,0.554941876970865,0.260822140972732,0.0762437330309946,0.434126803712553,1.33993865188207,0.752066069857976,0.255752501260554,0.583655544481009,1.11779584800625,0.36238339926821,1.15649683215872,1.69270893556171,0.846354467780855,1.46365202955384,0.731826014776922,0.5,0.209761314192731,0.759333920473717,-0.240666079526283,0.549572606280987,-0.450427393719013,-1,"Fatty acids","Fatty acyls","Fatty aldehydes","Farnesylacetone","CCCCCCCC(O)CC(=O)NCCCCC","CCCCCC=CCC=CCCCCCCCC(N)=O","CC(=CCCC(=CCCC(=CCCC(=O)C)C)C)C","\"\"InChI=1S/C15H31NO2/c1-3-5-7-8-9-11-14(17)13-15(18)16-12-10-6-4-2/h14,17H,3-13H2,1-2H3,(H,16,18)\"\"","\"\"InChI=1S/C15H31NO2/c1-3-5-7-8-9-11-14(17)13-15(18)16-12-10-6-4-2/h14,17H,3-13H2,1-2H3,(H,16,18) [M+Na]+\"\"","LYNMNEWOEMTDSX-UHFFFAOYSA-N","LYNMNEWOEMTDSX","SFIHQZFZMWZOJV","InChI=1S/C18H33NO/c1-2-3-4-5-6-7-8-9-10-11-12-13-14-15-16-17-18(19)20/h6-7,9-10H,2-5,8,11-17H2,1H3,(H2,19,20)","SFIHQZFZMWZOJV-UHFFFAOYSA-N","InChI=1S/C18H30O/c1-15(2)9-6-10-16(3)11-7-12-17(4)13-8-14-18(5)19/h9,11,13H,6-8,10,12,14H2,1-5H3","LTUMRKDLVGQMJU"
"618_186.15_3.2",618,186.149328559216,3.2347343,0.0460937265759667,0.70394414702698,0.160792900078927,0.00573519024844427,0.00180786328978921,0.228630400050142,1.3363581787066,0.152461797676426,0.793733131735695,2.24145217105319,2.74283441386894,0.640866023738457,1.10492190374218,1.91191220076588,1.205229735181,1.73035957952373,1.09078273414537,0.630379226984484,0.143944403041577,0.935016273094794,0.269308172360458,0.791071870053217,0.12536376931888,-0.665708100734337,"Fatty acids","Fatty Acids and Conjugates","Unsaturated fatty acids","p-Mentha-1(7),8-dien-10-yl hydroperoxide",NA,"CCCCCCCCCCCCCCCCCCCC(=O)OC","C=C1CCC(CC1)C(=C)COO",NA,NA,NA,NA,"QGBRLVONZXHAKJ","InChI=1S/C21H42O2/c1-3-4-5-6-7-8-9-10-11-12-13-14-15-16-17-18-19-20-21(22)23-2/h3-20H2,1-2H3","QGBRLVONZXHAKJ-UHFFFAOYSA-N","InChI=1S/C10H16O2/c1-8-3-5-10(6-4-8)9(2)7-12-11/h10-11H,1-7H2","IDHJELSAQZNLMQ"
"2559_694.5_11",2559,694.495460993114,11.0213785,0.0461665985773281,0.22640367497151,0.258917125861004,0.00226261716428688,0.00247787324117821,0.997712528393379,1.33567212184293,0.645116527983347,0.586839222562628,2.64538892262627,2.60592091428962,0.000994574260631351,1.01255175081405,0.583212542395317,0.814847857829932,0.575982947959388,0.804746875579274,1.39717135451728,0.0179956450193213,-0.777906348718822,-0.295397379401543,-0.795901993738144,-0.313393024420864,0.48250896931728,NA,NA,NA,NA,NA,NA,NA,NA,NA,NA,NA,NA,NA,NA,NA,NA
"510_188.13_2.7",510,188.128575183362,2.730464,0.0473427168989214,0.672507328333056,0.411835532746955,0.061557983079702,0.11373421562041,0.845702183094219,1.32474682244513,0.172302978779432,0.385276185619406,1.21071561807554,0.944108863194961,0.0727825483202298,0.93557048836244,1.58696532474159,0.817433245253065,1.69625415132462,0.87372705255362,0.515092064400443,-0.096081740854848,0.666270605570778,-0.290827175499444,0.762352346425626,-0.194745434644597,-0.957097781070223,"Fatty acids","Fatty Acids and Conjugates","Unsaturated fatty acids","2,5,8-Nonanetrione",NA,NA,"CC(=O)CCC(=O)CCC(=O)C",NA,NA,NA,NA,NA,NA,NA,"InChI=1S/C9H14O3/c1-7(10)3-5-9(12)6-4-8(2)11/h3-6H2,1-2H3","OCLVFADSCVQCER"
"2584_651.46_11.1",2584,651.460451111231,11.109556,0.0476664161380924,0.116199214895979,0.293854841807811,0.407319386886765,0.165349294721944,0.633828264276706,1.32178749984474,0.934796806261487,0.531867149077229,0.390064918621174,0.781597653178588,0.198028398238627,1.12700569855569,1.55465236689136,0.77732618344568,1.37945386512573,0.689726932562863,0.5,0.17249481032579,0.636592017892425,-0.363407982107575,0.464097207566635,-0.535902792433365,-1,NA,NA,NA,NA,NA,NA,NA,NA,NA,NA,NA,NA,NA,NA,NA,NA
"1912_688.52_8.5",1912,688.52471469943,8.549465,0.0506029089621353,0.0232064122060702,0.0230787288677281,0.996089179864915,0.996358218978024,0.999999784140085,1.29582451656158,1.63439199782707,1.63678811496752,0.00170177745038263,0.00158449234361657,9.37467801382226e-08,0.999157030555666,1.03572824572152,0.594531975473597,1.03660206959212,0.595033570591959,0.574023135826934,-0.00121666071294141,0.0506455184882257,-0.750173690943937,0.0518621792011673,-0.748957030230996,-0.800819209432163,NA,NA,NA,NA,NA,NA,NA,NA,NA,NA,NA,"SPPSEAUTRSATJZ","nan","nan",NA,NA
"1072_242.25_5.8",1072,242.249088068127,5.831107,0.0510504211613764,0.0814273362771987,0.0270108708813867,0.589718057309829,0.984420144091683,0.480173363953504,1.29200067067193,1.08922977199871,1.56846141311417,0.229355573816308,0.0068195079534378,0.318601934676435,0.829882890051703,1.07942303709703,0.539711518548517,1.30069320627852,0.65034660313926,0.5,-0.269020331755701,0.110260382816915,-0.889739617183085,0.379280714572616,-0.620719285427384,-1,"Fatty acids","Fatty acyls","Fatty alcohols","Pentadecynol",NA,"CCCCCCCCCCCCCNC(C)=O","CCCCCCCCCCCCCC#CO",NA,NA,NA,NA,"GMXKHKFLSPARRX","InChI=1S/C15H31NO/c1-3-4-5-6-7-8-9-10-11-12-13-14-16-15(2)17/h3-14H2,1-2H3,(H,16,17)","GMXKHKFLSPARRX-UHFFFAOYSA-N","InChI=1S/C15H28O/c1-2-3-4-5-6-7-8-9-10-11-12-13-14-15-16/h16H,2-13H2,1H3","ZSWRLLPAADKVCY"
"1723_307.23_8",1723,307.228452601714,8.002085,0.051316988579132,0.0819020159602574,0.0385716998135124,0.590154033876678,0.907864706723025,0.742788722376357,1.28973883713419,1.08670540825618,1.41373122181941,0.229034619998935,0.0419788667889488,0.12913469869491,0.885540921528453,1.15199899139364,0.575999495696818,1.30089865232346,0.650449326161728,0.5,-0.175369118320038,0.204139453662138,-0.795860546337862,0.379508571982175,-0.620491428017825,-1,"Fatty acids","Eicosanoids","12-oxophytodienoic acid metabolites","methyl 12-(hexa-1,3-dien-1-yloxy)dodeca-9,11-dienoate",NA,"CCC=CCC1C(=O)C=CC1CCCCCCCC(=O)OC","CCC=CC=COC=CC=CCCCCCCCC(=O)OC",NA,NA,NA,NA,"AXDNONFPXLVMOY","InChI=1S/C19H30O3/c1-3-4-8-12-17-16(14-15-18(17)20)11-9-6-5-7-10-13-19(21)22-2/h4,8,14-17H,3,5-7,9-13H2,1-2H3","AXDNONFPXLVMOY-UHFFFAOYSA-N","InChI=1S/C19H30O3/c1-3-4-5-14-17-22-18-15-12-10-8-6-7-9-11-13-16-19(20)21-2/h4-5,10,12,14-15,17-18H,3,6-9,11,13,16H2,1-2H3","OSVPXLNNMZEANH"
"1930_600.47_8.6",1930,600.47109463373,8.599903,0.0513559875326645,0.0298428118101755,0.0496734953650589,0.971049251133163,0.814437988030178,0.888052681723668,1.2894089152448,1.52516025974787,1.3038752790153,0.0127587423340972,0.0891419776311885,0.0515612699159499,1.07839719858423,1.16545789145066,0.641816446859256,1.0807315643816,0.595157746794841,0.550698958381395,0.108888653863589,0.22089688014867,-0.639767335030393,0.112008226285081,-0.748655988893982,-0.860664215179063,"Fatty acids","Fatty acyls","Fatty alcohols","3,6,9,12,15,18,21,24,27-nonaoxanonatriacontan-1-ol","CCCCCCCCCCCCOCCOCCOCCOCCOCCOCCOCCOCCOCCO",NA,"CCCCCCCCCCCCOCCOCCOCCOCCOCCOCCOCCOCCOCCO","InChI=1S/C30H62O10/c1-2-3-4-5-6-7-8-9-10-11-13-32-15-17-34-19-21-36-23-25-38-27-29-40-30-28-39-26-24-37-22-20-35-18-16-33-14-12-31/h31H,2-30H2,1H3","ONJQDTZCDSESIW-UHFFFAOYSA-N","ONJQDTZCDSESIW-UHFFFAOYSA-N","ONJQDTZCDSESIW","FPTGOQRFJXQGQS","nan","nan","InChI=1S/C30H62O10/c1-2-3-4-5-6-7-8-9-10-11-13-32-15-17-34-19-21-36-23-25-38-27-29-40-30-28-39-26-24-37-22-20-35-18-16-33-14-12-31/h31H,2-30H2,1H3","ONJQDTZCDSESIW"
"1306_190.99_6.6",1306,190.994111472874,6.6374726,0.0535649126223396,0.0100367439471672,0.0268286020156855,0.906142388282092,0.990901114495743,0.488341513642801,1.27111959919299,1.99840715523157,1.57140195694758,0.0428035533315762,0.00396968312482091,0.311276355012116,0.914575704979598,0.972627251614729,1.64885008999131,1.06347374669922,1.80285796026923,1.69525384699424,-0.128825499349517,-0.0400410805073017,0.72146023791581,0.0887844188422149,0.850285737265326,0.761501318423112,"Amino acids and Peptides","Histidine alkaloids","Imidazole alkaloids","3-(methanesulfinylmethyl)-5-methoxy-2,3-dihydro-1,3,4-thiadiazol-2-one",NA,"O=C(O)CCC(=O)C(=O)O","COC1=NN(C(=O)S1)CS(=O)C",NA,NA,NA,NA,"KPGXRSRHYNQIFN","InChI=1S/C5H6O5/c6-3(5(9)10)1-2-4(7)8/h1-2H2,(H,7,8)(H,9,10)","KPGXRSRHYNQIFN-UHFFFAOYSA-N","InChI=1S/C5H8N2O3S2/c1-10-4-6-7(3-12(2)9)5(8)11-4/h3H2,1-2H3","LBMZURPDADXCLH"
"1676_301.14_7.9",1676,301.142661040467,7.869276,0.0548441251663795,0.999394565678815,0.980942213201269,0.0179550044812964,0.0302584430245659,0.865837639209925,1.26086988667579,0.000263016412463554,0.00835657592995138,1.74581448214459,1.51915342275156,0.0625635387055077,1.08160169196612,0.622555340258923,1.06113385280697,0.575586507383556,0.981076361740943,1.70448116687207,0.113169313564484,-0.683726007797453,0.0856066511639068,-0.796895321361937,-0.0275626624005774,0.76933265896136,NA,NA,NA,NA,NA,NA,NA,NA,NA,NA,NA,NA,NA,NA,NA,NA
"1073_290.27_5.8",1073,290.270374009317,5.8324814,0.0570891911776714,0.101028370381703,0.0336919091212755,0.558944021006271,0.972141875699747,0.495834339005614,1.2434461099021,0.995556652256169,1.47247437942125,0.252631685110797,0.0122703489243958,0.304663399463655,0.831559635195618,1.10026107299816,0.550130536499078,1.32312948636489,0.661564743182447,0.5,-0.266108364969649,0.137845891050016,-0.862154108949984,0.403954256019665,-0.596045743980335,-1,NA,NA,NA,NA,NA,NA,NA,NA,NA,NA,NA,"OCHZTELGZBWSJD","nan","nan",NA,NA
"1868_383.07_8.5",1868,383.072274448036,8.459897,0.0599339181996115,0.30988360534522,0.92637400342387,0.21117708197187,0.0439042487303799,0.257047701821613,1.22232732923083,0.508801399870585,0.0332136409309488,0.675353215462177,1.35749344989743,0.589986274662746,1.18513152866865,1.73256243519966,0.933073485051744,1.4619157395517,0.787316396940296,0.538551146033716,0.245047181678667,0.792907342740513,-0.0999373885746296,0.547860161061846,-0.344984570253296,-0.892844731315142,"Amino acids and Peptides","Small peptides","Aminoacids","N-butyl-4-[(4R)-4-methyl-1,1,3-trioxo-1,2-thiazolidin-2-yl]benzenesulfonamide",NA,NA,"CCCCNS(=O)(=O)C1=CC=C(C=C1)N2C(=O)C(CS2(=O)=O)C",NA,NA,NA,NA,NA,NA,NA,"InChI=1S/C14H20N2O5S2/c1-3-4-9-15-23(20,21)13-7-5-12(6-8-13)16-14(17)11(2)10-22(16,18)19/h5-8,11,15H,3-4,9-10H2,1-2H3","HRAOHNDVEJLDMZ"
"1673_301.14_7.9",1673,301.14266868587,7.8731503,0.060957292276318,0.981594995558675,0.999759482870674,0.0155778021248079,0.0250667439832091,0.888421087521718,1.2149743326063,0.00806766442815139,0.000104467825724053,1.80749381703584,1.60090207457632,0.051381141607547,1.07461614503691,0.614309701915298,1.0131587818629,0.571655008862905,0.942809938732217,1.64926384640202,0.103821418376093,-0.702961926635897,0.0188602904816742,-0.806783345011989,-0.0849611278944181,0.721822217117571,"Fatty acids","Fatty Acids and Conjugates","Dicarboxylic acids","2,5-Diethoxy-2-(diethoxymethyl)tetrahydrofuran",NA,NA,"CCOC1CCC(O1)(C(OCC)OCC)OCC",NA,NA,NA,NA,NA,NA,NA,"InChI=1S/C13H26O5/c1-5-14-11-9-10-13(18-11,17-8-4)12(15-6-2)16-7-3/h11-12H,5-10H2,1-4H3","WAIRCAVHNPYSNP"
"1400_258.28_7.1",1400,258.280645901903,7.0618043,0.0617067078106797,0.0473961494036981,0.0586061847859112,0.91467891455306,0.841062403161363,0.990664411246514,1.20966762353855,1.32425694019627,1.23205654990924,0.0387313322834953,0.0751717802505923,0.00407343837706169,1.03409218138585,1.17428370393362,0.625739081710502,1.13556965720396,0.605109576277726,0.532868743400251,0.0483647965818154,0.231781001984107,-0.676366881805614,0.183416205402292,-0.72473167838743,-0.908147883789721,"Fatty acids","Spingolipids","Sphingoid bases","2-(Tetradecylamino)ethanol",NA,NA,"CCCCCCCCCCCCCCNCCO",NA,NA,NA,NA,NA,NA,NA,"InChI=1S/C16H35NO/c1-2-3-4-5-6-7-8-9-10-11-12-13-14-17-15-16-18/h17-18H,2-16H2,1H3","ZUEIVCHBEQAIAL"
"628_740.46_3.3",628,740.464901396908,3.279485,0.0635841564778694,0.0281548724631862,0.655813885735853,0.998775056774601,0.0934603455602727,0.0177453055468808,1.19665108578896,1.55044643559912,0.183219392127442,0.000532312176133816,1.02937261754836,1.75091651836869,0.689821375503708,0.678818412200621,1.23700102404034,0.984049547181613,1.79321932889812,1.82228560953463,-0.535705260586426,-0.558902397964541,0.306846694637086,-0.0231971373781149,0.842551955223512,0.865749092601627,"Amino acids and Peptides","Oligopeptides","Cyclic peptides","Me-Sar-Pro-Arg-Arg-Arg-Ser-al",NA,NA,"CN(C)CC(=O)N1CCCC1C(=O)NC(CCCN=C(N)N)C(=O)NC(CCCN=C(N)N)C(=O)NC(CCCN=C(N)N)C(=O)NC(CO)C=O",NA,NA,NA,NA,NA,NA,NA,"InChI=1S/C30H57N15O7/c1-44(2)15-23(48)45-14-6-10-22(45)27(52)43-21(9-5-13-39-30(35)36)26(51)42-20(8-4-12-38-29(33)34)25(50)41-19(7-3-11-37-28(31)32)24(49)40-18(16-46)17-47/h16,18-22,47H,3-15,17H2,1-2H3,(H,40,49)(H,41,50)(H,42,51)(H,43,52)(H4,31,32,37)(H4,33,34,38)(H4,35,36,39)","DWYVYOKAWWYHEC"
"1997_380.34_8.7",1997,380.339003435354,8.695362,0.0690894807655152,0.0490159189758111,0.0622888551111199,0.943357813914844,0.871316813506275,0.986875150064416,1.16058807119683,1.30966285057204,1.20558965152259,0.0253235489018956,0.0598239054511263,0.00573778660872731,1.03884173120136,1.15880646646182,0.627510888863282,1.11547931860778,0.604048595677419,0.541514831876334,0.0549758746430012,0.212639640382304,-0.672287601285691,0.157663765739302,-0.727263475928692,-0.884927241667995,"Fatty acids","Fatty acyls","Fatty alcohols",NA,"CCCCCCCCCCCCCCC(O)CC(=O)N[C@@H](C)C(=O)O",NA,"CCCCCCCCCCCCOCCOCCOCCOCCO","\"\"InChI=1S/C20H39NO4/c1-3-4-5-6-7-8-9-10-11-12-13-14-15-18(22)16-19(23)21-17(2)20(24)25/h17-18,22H,3-16H2,1-2H3,(H,21,23)(H,24,25)/t17-,18?/m0/s1\"\"","\"\"InChI=1S/C20H39NO4/c1-3-4-5-6-7-8-9-10-11-12-13-14-15-18(22)16-19(23)21-17(2)20(24)25/h17-18,22H,3-16H2,1-2H3,(H,21,23)(H,24,25)/t17-,18?/m0/s1 [M+Na]+\"\"","XKJCRSNEFAJDDK-ZENAZSQFSA-N","XKJCRSNEFAJDDK",NA,NA,NA,"InChI=1S/C20H42O5/c1-2-3-4-5-6-7-8-9-10-11-13-22-15-17-24-19-20-25-18-16-23-14-12-21/h21H,2-20H2,1H3","WPMWEFXCIYCJSA"
"253_190.99_0.9",253,190.993319636465,0.8696109,0.0692626491563997,0.993806393204855,0.999999945262255,0.0350617295216265,0.0267020182625056,0.978076446662362,1.15950090158235,0.00269821374397847,2.37723013538179e-08,1.45516666487734,1.57345591140162,0.00962719933702395,0.961628592952791,0.60588458008641,1.00083302838278,0.630060903478308,1.04076879131641,1.65185426610468,-0.0564483012738758,-0.722885105803694,0.00120130562535421,-0.666436804529818,0.0576496068992302,0.724086411429048,"Amino acids and Peptides","Small peptides","Imidazole alkaloids","3-(methanesulfinylmethyl)-5-methoxy-2,3-dihydro-1,3,4-thiadiazol-2-one",NA,NA,"COC1=NN(C(=O)S1)CS(=O)C",NA,NA,NA,NA,NA,NA,NA,"InChI=1S/C5H8N2O3S2/c1-10-4-6-7(3-12(2)9)5(8)11-4/h3H2,1-2H3","LBMZURPDADXCLH"
"2010_474.28_8.7",2010,474.276227189704,8.709648,0.0701131919920246,0.0451737465527842,0.0215477037913144,0.96459790850657,0.996518107270351,0.724576309713713,1.15420026063071,1.34511388907719,1.66659900317814,0.0156536840739333,0.00151480552731724,0.139915869485586,1.08118232543397,1.02376510619313,1.89815863610526,0.946894045629363,1.75563232162843,1.85409585130671,0.11260983280361,0.0338847397482186,0.924600568733424,-0.0787250930553918,0.811990735929814,0.890715828985206,"Amino acids and Peptides","Tryptophan alkaloids","Carboline alkaloids","N-cyclohexyl-N-methyl-2-[2-[4-(4-methylpentanoyl)piperazine-1-carbonyl]phenyl]sulfanylacetamide",NA,NA,"CC(C)CCC(=O)N1CCN(CC1)C(=O)C2=CC=CC=C2SCC(=O)N(C)C3CCCCC3",NA,NA,NA,NA,NA,NA,NA,"InChI=1S/C26H39N3O3S/c1-20(2)13-14-24(30)28-15-17-29(18-16-28)26(32)22-11-7-8-12-23(22)33-19-25(31)27(3)21-9-5-4-6-10-21/h7-8,11-12,20-21H,4-6,9-10,13-19H2,1-3H3","QFTHHKVOCKJVBQ"
"966_271.19_5.3",966,271.188380304479,5.310305,0.0714959097090188,0.966027989190389,0.61571885685423,0.0459079015182393,0.118926799385628,0.609134614734934,1.1457188035362,0.0150102903807355,0.210617545608887,1.33811255867981,0.924720268898288,0.215286720542523,1.16476251406191,0.675865486794715,1.28453044091212,0.580260335162872,1.10282604857581,1.90057114323738,0.220035830663651,-0.565191950220632,0.361241079754167,-0.785227780884283,0.141205249090515,0.926433029974799,"Fatty acids","Sesquiterpenoids","Macrolide lactones","Dipentyl 2-ethenylpropanedioate",NA,NA,"CCCCCOC(=O)C(C=C)C(=O)OCCCCC",NA,NA,NA,NA,NA,NA,NA,"InChI=1S/C15H26O4/c1-4-7-9-11-18-14(16)13(6-3)15(17)19-12-10-8-5-2/h6,13H,3-5,7-12H2,1-2H3","HCSTWBZNCDCQIJ"
"894_163_4.8",894,162.998545433844,4.834072,0.0723172663103042,0.704636719732117,0.714770034650356,0.00905733042020307,0.00922409956189008,0.99998916107833,1.14075799913653,0.152034728793845,0.145833662739958,2.0429997884841,2.03507601805658,4.70730938198403e-06,0.998363341935875,1.77631443437522,1.10265459681427,1.77922641964283,1.10446222381941,0.620754172502182,-0.00236313282087012,0.828886983017704,0.140980941879175,0.831250115838574,0.143344074700045,-0.687906041138529,"Amino acids and Peptides","Oligopeptides","Cyclamides","Acetamide, 2,2'-dithiodi-",NA,"O=C(O)CCC(=O)O|CC(C(=O)O)C(=O)O","C(C(=O)N)SSCC(=O)N",NA,NA,NA,NA,"KDYFGRWQOYBRFD|ZIYVHBGGAOATLY","InChI=1S/C4H6O4/c5-3(6)1-2-4(7)8/h1-2H2,(H,5,6)(H,7,8)|InChI=1S/C4H6O4/c1-2(3(5)6)4(7)8/h2H,1H3,(H,5,6)(H,7,8)","KDYFGRWQOYBRFD-UHFFFAOYSA-N|ZIYVHBGGAOATLY-UHFFFAOYSA-N","InChI=1S/C4H8N2O2S2/c5-3(7)1-9-10-2-4(6)8/h1-2H2,(H2,5,7)(H2,6,8)","WFVWTLVPOUCKBR"
"1396_200.2_7.1",1396,200.202056466024,7.056003,0.0865257741984843,0.268943545590511,0.935021982207099,0.00449867521391822,0.0184398598733733,0.19370412351717,1.0628545061208,0.570338873944177,0.029178178818369,2.34691536000063,1.73424238352382,0.712861134047583,0.878362454847504,1.69792851100353,1.05757710274973,1.9330613480039,1.20403268253689,0.62286315112564,-0.187111706485681,0.763775717435198,0.0807628469856443,0.95088742392088,0.267874553471326,-0.683012870449554,"Fatty acids","Fatty acyls","Fatty alcohols","4-(4-Methylpentyl)cyclohexan-1-one","Cc1cc(=O)n2c3c(cccc13)CCC2",NA,"CC(C)CCCC1CCC(=O)CC1","\"\"InChI=1S/C13H13NO/c1-9-8-12(15)14-7-3-5-10-4-2-6-11(9)13(10)14/h2,4,6,8H,3,5,7H2,1H3\"\"",NA,"INLMMGKPTMPKDG-UHFFFAOYSA-N","INLMMGKPTMPKDG",NA,NA,NA,"InChI=1S/C12H22O/c1-10(2)4-3-5-11-6-8-12(13)9-7-11/h10-11H,3-9H2,1-2H3","MRMCVCAJVDSTBJ"
"1348_518.33_6.8",1348,518.327691101149,6.8489585,0.0971812537968071,0.0902941775943227,0.153706670927986,0.891049388340062,0.00334372359300172,0.000543037716286832,1.01241750212913,1.04434025323225,0.813307283545512,0.0500982235847667,2.47576963045419,3.26517000575847,1.69018075054126,1.85532339231399,1.23110884296,1.09770708944582,0.728388867620081,0.663554854134913,0.757177538794766,0.891670677856165,0.299958316864612,0.134493139061399,-0.457219221930154,-0.591712360991553,"Amino acids and Peptides","Oligopeptides","Leukotrienes","(2R,4S,5S,7S)-5-amino-N-butyl-4-hydroxy-7-{[3-(methanesulfonylmethoxy)-4-methoxyphenyl]methyl}-2,8-dimethylnonanamide","O=C(OCC(O)COP(=O)([O-])OCC[N+](C)(C)C)CCCCC=CCC=CCC=CCCCCC","CC/C=C\C/C=C\C/C=C\CCCCCCCC(=O)OC[C@@H](O)COP(=O)([O-])OCC[N+](C)(C)C","CCCCNC(=O)C(C)CC(C(CC(CC1=CC(=C(C=C1)OC)OCS(=O)(=O)C)C(C)C)N)O","1S/C26H48NO7P/c1-5-6-7-8-9-10-11-12-13-14-15-16-17-18-19-20-26(29)32-23-25(28)24-34-35(30,31)33-22-21-27(2,3)4/h9-10,12-13,15-16,25,28H,5-8,11,14,17-24H2,1-4H3",NA,"MRTUWVDDQVMUCR-UHFFFAOYSA-N","MRTUWVDDQVMUCR","WKQNRCYKYCKESD","InChI=1S/C26H48NO7P/c1-5-6-7-8-9-10-11-12-13-14-15-16-17-18-19-20-26(29)32-23-25(28)24-34-35(30,31)33-22-21-27(2,3)4/h6-7,9-10,12-13,25,28H,5,8,11,14-24H2,1-4H3/b7-6-,10-9-,13-12-/t25-/m1/s1","WKQNRCYKYCKESD-YVHLTTHBSA-N","InChI=1S/C25H44N2O6S/c1-7-8-11-27-25(29)18(4)12-22(28)21(26)15-20(17(2)3)13-19-9-10-23(32-5)24(14-19)33-16-34(6,30)31/h9-10,14,17-18,20-22,28H,7-8,11-13,15-16,26H2,1-6H3,(H,27,29)","ZYQLXDXIWZIRRO"
"1670_149.02_7.9",1670,149.024330428379,7.8669486,0.097950250935681,0.407327731863952,0.688596940126206,0.00705985174803547,0.0120501333778168,0.816296318449475,1.00899444706238,0.390056021081465,0.162034911473425,2.15120441873377,1.91900814604104,0.0881521621930744,1.07868960322701,0.61413064206324,0.871159030927681,0.569330269083901,0.807608628396455,1.418523960962,0.109279783910195,-0.703382506705058,-0.19899198663978,-0.812662290615252,-0.308271770549974,0.504390520065278,"Fatty acids","Fatty Acids and Conjugates","Halogenated fatty acids","3-Fluoro-4-methoxy-4-oxobut-2-enoic acid",NA,NA,"COC(=O)C(=CC(=O)O)F",NA,NA,NA,NA,NA,NA,NA,"InChI=1S/C5H5FO4/c1-10-5(9)3(6)2-4(7)8/h2H,1H3,(H,7,8)","OCOHJQOPPUTZFO"
"2482_338.34_10.8",2482,338.341890606734,10.813603,0.0990281659663244,0.0830219217399324,0.904192463852511,0.923190865329607,0.0886672888988035,0.03687170764376,1.00424126414987,1.08080721806195,0.0437391169886398,0.0347085013683401,1.05223657037015,1.43330674839637,1.44278560912924,1.63158208929847,0.919649723067651,1.13085553319538,0.637412597719689,0.563655196449889,0.528856938342485,0.706271575137104,-0.120843623955438,0.177414636794619,-0.649700562297922,-0.827115199092541,"Fatty acids","Fatty acyls","Unsaturated fatty acids",NA,"CCCCCCCC/C=C\CCCCCCCCCCCC(=O)N","CCCCCCCC/C=C\CCCCCCCCCCCC(N)=O","CCCCCCC=CCCCCCCCCCCCC(C#C)O","InChI=1S/C22H43NO/c1-2-3-4-5-6-7-8-9-10-11-12-13-14-15-16-17-18-19-20-21-22(23)24/h9-10H,2-8,11-21H2,1H3,(H2,23,24)/b10-9-",NA,"UAUDZVJPLUQNMU-KTKRTIGZSA-N","UAUDZVJPLUQNMU","UAUDZVJPLUQNMU","InChI=1S/C22H43NO/c1-2-3-4-5-6-7-8-9-10-11-12-13-14-15-16-17-18-19-20-21-22(23)24/h9-10H,2-8,11-21H2,1H3,(H2,23,24)/b10-9-","UAUDZVJPLUQNMU-KTKRTIGZSA-N","InChI=1S/C22H40O/c1-3-5-6-7-8-9-10-11-12-13-14-15-16-17-18-19-20-21-22(23)4-2/h2,9-10,22-23H,3,5-8,11-21H2,1H3","FEAQSNKVLXILNQ"
"1555_399.36_7.5",1555,399.360347426184,7.525805,0.102276064854375,0.0428981281294318,0.0555342195686187,0.999998039760926,0.994540813069389,0.983290844640751,0.990225990118793,1.36756165795035,1.25543932696421,8.51321847425236e-07,0.00237738998838292,0.0073180045076701,1.04238653381367,1.04573901939505,0.620589333621122,1.00321616355606,0.595354327296071,0.593445708834817,0.0598903515227881,0.0645228492872505,-0.688289194127973,0.00463249776446263,-0.748179545650761,-0.752812043415223,"Fatty acids","Fatty amides","N-acyl amines","Pendecamaine",NA,NA,"CCCCCCCCCCCCCCCC(=O)NCCC[N+](C)(C)CC(=O)O",NA,NA,NA,NA,NA,NA,NA,"InChI=1S/C23H46N2O3/c1-4-5-6-7-8-9-10-11-12-13-14-15-16-18-22(26)24-19-17-20-25(2,3)21-23(27)28/h4-21H2,1-3H3,(H-,24,26,27,28)/p+1","OTKWLUKIHNEGIG"
"1175_307.19_6.3",1175,307.189727791284,6.2703304,0.105732384557841,0.0240794180479534,0.0620970543578445,0.946304813508979,0.989485646563299,0.579544930522171,0.97579197314039,1.61835401332852,1.20692900057181,0.0239689508049206,0.00459050126917416,0.236912888740194,0.909099898289957,0.965332593466922,1.63838838387078,1.06185535306157,1.80220940179692,1.69722683659383,-0.137489258280287,-0.0509020040341662,0.712277391818088,0.0865872542461209,0.849766650098375,0.763179395852254,"Polyketides","Macrolides","Macrolide lactones","11-[3-(hydroxymethyl)-4-oxooxetan-2-yl]-3,5,7-trimethylundeca-2,4-dienoic acid",NA,NA,"CC(CCCCC1C(C(=O)O1)CO)CC(=CC(=CC(=O)O)C)C",NA,NA,NA,NA,NA,NA,NA,"InChI=1S/C18H28O5/c1-12(8-13(2)9-14(3)10-17(20)21)6-4-5-7-16-15(11-19)18(22)23-16/h9-10,12,15-16,19H,4-8,11H2,1-3H3,(H,20,21)","ODCZJZWSXPVLAW"
"264_158.96_1",264,158.961631394773,0.97421575,0.107541637601196,0.565478888134242,0.406493419654361,0.0105834209870735,0.00772603276982264,0.95168138877119,0.968423354545266,0.247583604598747,0.390946480404306,1.97537392817406,2.11204345413542,0.0215084237357268,0.95929373454271,0.595595900096437,0.82101348992713,0.620869165147163,0.85585202984621,1.37847404556377,-0.0599554605796627,-0.747594272013181,-0.284522168023035,-0.687638811433518,-0.224566707443372,0.463072103990146,NA,NA,NA,NA,NA,NA,NA,NA,NA,NA,NA,NA,NA,NA,NA,NA
"451_210.17_2.4",451,210.170351594292,2.4344714,0.107716383924129,0.999137126818822,0.960775107980558,0.0386524809398607,0.0784268332924314,0.774060278402021,0.967718234430196,0.00037490283123821,0.0173782572774296,1.41282262531844,1.10553532051698,0.11122521818268,1.11395448646175,0.65937770744539,1.08764013638852,0.591925177786904,0.976377535713496,1.64949485569103,0.15569028878449,-0.600822982373513,0.12120129617764,-0.756513271158003,-0.0344889926068499,0.722024278551153,"Fatty acids","Fatty acyls","Fatty alcohols","(2R)-2-[(2S)-2-[(2S)-2-oxidanylpropoxy]propoxy]propan-1-ol",NA,NA,"CC(CO)OCC(C)OCC(C)O",NA,NA,NA,NA,NA,NA,NA,"InChI=1S/C9H20O4/c1-7(11)5-12-9(3)6-13-8(2)4-10/h7-11H,4-6H2,1-3H3","LCZVSXRMYJUNFX"
"144_369.03_0.4",144,369.029094217985,0.4449639,0.108978512042394,0.933444483122833,0.9998507791173,0.0900483596164328,0.049317890799622,0.848220967699605,0.962659126108814,0.0299115067351349,6.48106416121276e-05,1.04552419418282,1.30699550534623,0.0714909961492572,0.885560301322078,0.532712236052368,1.01850217634898,0.601553880923825,1.15012176452403,1.91191811905154,-0.175337545723513,-0.908571675844256,0.0264490630770248,-0.733234130120743,0.201786608800538,0.935020738921281,"Carbohydrates","Saccharides","Monosaccharides","4-[3-(3-Carboxy-2,3-dihydroxypropanoyl)oxy-3-oxopropanoyl]oxy-2,3-dihydroxy-4-oxobutanoic acid",NA,"COc1cc(-c2[o+]c3cc(O)cc(O)c3cc2O)cc(OC)c1O","C(C(=O)OC(=O)C(C(C(=O)O)O)O)C(=O)OC(=O)C(C(C(=O)O)O)O",NA,NA,NA,NA,"KZMACGJDUUWFCH","InChI=1S/C17H14O7/c1-22-14-3-8(4-15(23-2)16(14)21)17-12(20)7-10-11(19)5-9(18)6-13(10)24-17/h3-7H,1-2H3,(H3-,18,19,20,21)/p+1","KZMACGJDUUWFCH-UHFFFAOYSA-O","InChI=1S/C11H12O14/c12-2(24-10(22)6(16)4(14)8(18)19)1-3(13)25-11(23)7(17)5(15)9(20)21/h4-7,14-17H,1H2,(H,18,19)(H,20,21)","YWTQOMBWKQKNBP"
"254_139.98_0.9",254,139.98249811165,0.88586825,0.112993773027648,0.61885883899673,0.685641789203328,0.0123036154591587,0.0139350289018431,0.997048484261712,0.94694548938602,0.208408401765181,0.16390272044991,1.90996725089889,1.8558921262045,0.00128372239511639,1.01733767854536,0.610280147836869,0.865232991190575,0.599879627686137,0.850487512098962,1.41776361931055,0.0247986234458348,-0.712456433991263,-0.20883941881585,-0.737255057437097,-0.233638042261684,0.503617015175413,"Fatty acids","Fatty amides","N-acyl amines","Thiosulfuric acid (H2S2O3), S-(2-aminoethyl) ester",NA,NA,"C(CSS(=O)(=O)O)N",NA,NA,NA,NA,NA,NA,NA,"InChI=1S/C2H7NO3S2/c3-1-2-7-8(4,5)6/h1-3H2,(H,4,5,6)","MXTPRJXPLFGHEE"
"1685_149.02_7.9",1685,149.024330714464,7.905343,0.119904756909539,0.435360801142829,0.757244007031833,0.00915775056116652,0.0170600855631019,0.763584538628279,0.921163587054749,0.361150676382974,0.12076415506781,2.03821118996144,1.76801879500379,0.117142873961454,1.09802776106824,0.610837765649358,0.874951181342763,0.556304482734653,0.796838852682146,1.43237898922742,0.13491452997989,-0.711138833946546,-0.192725572113282,-0.846053363926436,-0.327640102093172,0.518413261833264,"Shikimates and Phenylpropanoids","Phenolic acids (C6-C1)","Simple phenolic acids","Isophthalic Acid",NA,NA,"C1=CC(=CC(=C1)C(=O)O)C(=O)O",NA,NA,NA,NA,NA,NA,NA,"InChI=1S/C8H6O4/c9-7(10)5-2-1-3-6(4-5)8(11)12/h1-4H,(H,9,10)(H,11,12)","QQVIHTHCMHWDBS"
"315_139.98_1.5",315,139.982478133765,1.450903,0.122473739701962,0.999959510259234,0.944984987318123,0.0495422454880279,0.0283222715418308,0.858484925136634,0.911957020892246,1.75848269931115e-05,0.0245750909369674,1.30502431303159,1.54787191770118,0.0662673265804745,0.919308551674669,0.588034370233485,0.912413062111906,0.639648537112252,0.992499265289983,1.5516321975357,-0.121378933852521,-0.766027612757276,-0.132240994456974,-0.644648678904755,-0.010862060604453,0.633786618300302,NA,NA,NA,NA,NA,NA,NA,NA,NA,NA,NA,NA,NA,NA,NA,NA
"1974_424.37_8.7",1974,424.365699048859,8.685139,0.132763677534372,0.0304109047581415,0.0632211270170796,0.939451378383911,0.999805922307954,0.747688085112607,0.876920726203442,1.5169706589212,1.19913776643798,0.0271256920360416,8.42950508750009e-05,0.126279540058252,1.12441734821116,1.01372573450074,0.640186816789212,0.901556469324743,0.569349821761189,0.631518757984873,0.169177617800238,0.0196673811410155,-0.643435126764656,-0.149510236659222,-0.812612744564894,-0.663102507905671,"Alkaloids","Histidine alkaloids","Imidazole alkaloids","3-Cyclohexyl-7-[(4-piperidin-1-ium-2-ylpiperazin-1-yl)methyl]-2,3,3a,4,5,6,7,7a-octahydro-1,2-benzoxazol-6-ol","CCCCCCCCCCCCCC(O)CC(=O)N[C@@H](CCC(=O)O)C(=O)O",NA,"C1CCC(CC1)C2C3CCC(C(C3ON2)CN4CCN(CC4)C5CCCCN5)O","\"\"InChI=1S/C21H39NO6/c1-2-3-4-5-6-7-8-9-10-11-12-13-17(23)16-19(24)22-18(21(27)28)14-15-20(25)26/h17-18,23H,2-16H2,1H3,(H,22,24)(H,25,26)(H,27,28)/t17?,18-/m0/s1\"\"","\"\"InChI=1S/C21H39NO6/c1-2-3-4-5-6-7-8-9-10-11-12-13-17(23)16-19(24)22-18(21(27)28)14-15-20(25)26/h17-18,23H,2-16H2,1H3,(H,22,24)(H,25,26)(H,27,28)/t17?,18-/m0/s1 [M+Na]+\"\"","AQACJCDWHULJHK-ZVAWYAOSSA-N","AQACJCDWHULJHK",NA,NA,NA,"InChI=1S/C23H42N4O2/c28-20-10-9-18-22(17-6-2-1-3-7-17)25-29-23(18)19(20)16-26-12-14-27(15-13-26)21-8-4-5-11-24-21/h17-25,28H,1-16H2","URJCBPBEKFZHTR"
"2408_124.09_10.6",2408,124.08848016039,10.56123,0.133299045292689,0.0182528488921271,0.0203107346419072,0.733200504565799,0.785569451258115,0.998359259164786,0.875172961055773,1.73866934153243,1.69227436782334,0.134777244841754,0.104815413469565,0.000713149898162906,0.989717403636187,1.10650010263987,1.77733503337551,1.11799600428833,1.79580052532737,1.60626739133161,-0.0149114470415146,0.146003584964528,0.829715659661419,0.160915032006042,0.844627106702933,0.683712074696891,"Fatty acids","Nicotinic acid alkaloids","Halogenated fatty acids","1-(2-Fluoroethyl)urea",NA,NA,"C(CF)NC(=O)N",NA,NA,NA,NA,NA,NA,NA,"InChI=1S/C3H7FN2O/c4-1-2-6-3(5)7/h1-2H2,(H3,5,6,7)","SNHLRJSKPOPBPO"
"536_172.13_2.9",536,172.133559360124,2.8724957,0.136811633834916,0.987166159592328,0.974835390937119,0.0412068723670451,0.0972371801272707,0.6709455487992,0.863876970631398,0.00560974082523632,0.0110687123456486,1.38503034750601,1.01216764416152,0.173312723967515,0.916269285200076,1.56575019841988,0.951425580137813,1.70883191623954,1.03836895496291,0.607648385481906,-0.126156436162374,0.646854061768394,-0.0718372806003889,0.773010497930767,0.0543191555619848,-0.718691342368783,"Fatty acids","Fatty Acids and Conjugates","Unsaturated fatty acids","2-(2-methylcyclohex-1-en-1-yl)acetic acid",NA,NA,"CC1=C(CCCC1)CC(=O)O",NA,NA,NA,NA,NA,NA,NA,"InChI=1S/C9H14O2/c1-7-4-2-3-5-8(7)6-9(10)11/h2-6H2,1H3,(H,10,11)","DOJGFASCQMSATG"
"1703_280.27_7.9",1703,280.265112426276,7.942795,0.140537947193376,0.983163220739825,0.956863536010198,0.0410240761606349,0.034976731809637,0.995620940835773,0.852206394395642,0.00737437638737438,0.0191499951214377,1.3869611902348,1.45622077299771,0.00190597747748601,1.01656880963078,1.76964604460958,1.06071418775841,1.74080301091701,1.04342586326612,0.599393415982476,0.0237078718016999,0.82346082881008,0.085035970624389,0.799752957008381,0.061328098822689,-0.738424858185691,"Fatty acids","Fatty acyls","Fatty alcohols","1-(1-Fluorododecoxy)propan-1-ol","CCCCCCCC(O)CC(=O)NCCCCC","CCCCCC=CCC=CCCCCCCCC(N)=O","CCCCCCCCCCCC(OC(CC)O)F","\"\"InChI=1S/C15H31NO2/c1-3-5-7-8-9-11-14(17)13-15(18)16-12-10-6-4-2/h14,17H,3-13H2,1-2H3,(H,16,18)\"\"","\"\"InChI=1S/C15H31NO2/c1-3-5-7-8-9-11-14(17)13-15(18)16-12-10-6-4-2/h14,17H,3-13H2,1-2H3,(H,16,18) [M+Na]+\"\"","LYNMNEWOEMTDSX-UHFFFAOYSA-N","LYNMNEWOEMTDSX","SFIHQZFZMWZOJV","InChI=1S/C18H33NO/c1-2-3-4-5-6-7-8-9-10-11-12-13-14-15-16-17-18(19)20/h6-7,9-10H,2-5,8,11-17H2,1H3,(H2,19,20)","SFIHQZFZMWZOJV-UHFFFAOYSA-N","InChI=1S/C15H31FO2/c1-3-5-6-7-8-9-10-11-12-13-14(16)18-15(17)4-2/h14-15,17H,3-13H2,1-2H3","WWAUOPIVULMICN"
"1145_267.2_6.1",1145,267.196918426291,6.0912347,0.174502452384812,0.0469457405598217,0.0434859367737692,0.964280017334347,0.948342956170015,0.99952726056522,0.758198465268082,1.32840380564031,1.36165116991963,0.0157968329807071,0.0230345771797837,0.000205356671827014,1.00797326334404,1.06699281795788,1.73526483109519,1.05855269852896,1.72153855087216,1.62631350641734,0.0114573716230195,0.0935504652612821,0.795155859547612,0.0820930936382624,0.783698487924592,0.70160539428633,"Fatty acids","Octadecanoids","Jasmonic acids","11-(cyclopent-1-en-1-yl)-11-oxoundecanoic acid",NA,NA,"C1CC=C(C1)C(=O)CCCCCCCCCC(=O)O",NA,NA,NA,NA,"DMLQORHBBIHBPA","nan","nan","InChI=1S/C16H26O3/c17-15(14-10-8-9-11-14)12-6-4-2-1-3-5-7-13-16(18)19/h10H,1-9,11-13H2,(H,18,19)","BTRMYWIRJSMBSF"
"198_257.89_0.6",198,257.893826393718,0.5759136,0.194938929250351,0.844025153109911,0.979058670610875,0.0358374557441268,0.0589683623939513,0.898283191488297,0.710101423733266,0.0736446106088682,0.00919128208953164,1.4456628303578,1.2293809328148,0.046586726682293,1.06718556552347,0.675366023258388,0.947362704096965,0.632847786811202,0.887720687669038,1.40273965741761,0.093811058246322,-0.566258493732119,-0.0780112180635526,-0.660069551978441,-0.171822276309875,0.488247275668566,"Alkaloids","Nicotinic acid alkaloids","Pyridine alkaloids","5-Bromo-3-chloropyridine-2-carboxylate",NA,NA,"C1=C(C=NC(=C1Cl)C(=O)O)Br",NA,NA,NA,NA,NA,NA,NA,"InChI=1S/C6H3BrClNO2/c7-3-1-4(8)5(6(10)11)9-2-3/h1-2H,(H,10,11)","KPHRXSNSIGEBSN"
"488_163_2.6",488,162.998525189004,2.597763,0.197451530480089,0.502847468067603,0.917797684757608,0.0178119308264552,0.0449179785356965,0.575552077303066,0.70453949562467,0.29856373228525,0.0372530421940541,1.74928900014238,1.34757979672373,0.239915374272055,1.11905040113229,0.690889251974741,0.926254623118476,0.617388860479992,0.82771483945787,1.34067018769072,0.162275015604837,-0.533473626577715,-0.110519256677038,-0.695748642182552,-0.272794272281874,0.422954369900678,"Fatty acids","Fatty Acids and Conjugates","Halogenated fatty acids","(Carboxyamino)oxycarbonyloxycarbamic acid",NA,NA,"C(=O)(NOC(=O)ONC(=O)O)O",NA,NA,NA,NA,NA,NA,NA,"InChI=1S/C3H4N2O7/c6-1(7)4-11-3(10)12-5-2(8)9/h4-5H,(H,6,7)(H,8,9)","BBWGTDKZWVEREK"
"1557_296.3_7.5",1557,296.296397613074,7.525127,0.219434008330702,0.0481387396975832,0.033382398809688,0.899587323349692,0.751654530584277,0.953425967772321,0.658696063699367,1.31750528401425,1.47648245877783,0.0459566731097578,0.123981720491709,0.0207130236837364,1.03734159518117,1.12633102885942,1.73960476809655,1.08578604588077,1.67698352806601,1.54448800887441,0.0528910499108936,0.171630898028714,0.798759568214352,0.11873984811782,0.745868518303458,0.627128670185638,"Fatty acids","Fatty amides","N-acyl ethanolamines (endocannabinoids)","N-(2-hydroxyethyl)heptadecanamide",NA,NA,"CCCCCCCCCCCCCCCCC(=O)NCCO",NA,NA,NA,NA,NA,NA,NA,"InChI=1S/C19H39NO2/c1-2-3-4-5-6-7-8-9-10-11-12-13-14-15-16-19(22)20-17-18-21/h21H,2-18H2,1H3,(H,20,22)","GCCFMSAXQJECNH"
"1677_279.16_7.9",1677,279.160579170147,7.8857903,0.256809031367816,0.593877131729277,0.980385147275856,0.029017179032308,0.0842523294505897,0.508943233505928,0.590389707222199,0.22630339766455,0.00860327688242241,1.53734481072158,1.07441808269934,0.293330655285982,1.12853601168327,0.72952777599229,0.955956512246036,0.646437303231608,0.847076657146434,1.31037712847295,0.174452455789773,-0.454965186622923,-0.0649831053361666,-0.629417642412697,-0.23943556112594,0.389982081286757,"Polyketides","Cyclic polyketides","Simple phenolic acids","Dibutyl Phthalate","CCCCOC(=O)C1=CC=CC=C1C(=O)OCCCC",NA,"CCCCOC(=O)C1=CC=CC=C1C(=O)OCCCC","\"\"InChI=1S/C16H22O4/c1-3-5-11-19-15(17)13-9-7-8-10-14(13)16(18)20-12-6-4-2/h7-10H,3-6,11-12H2,1-2H3\"\"",NA,"DOIRQSBPFJWKBE-UHFFFAOYSA-N","DOIRQSBPFJWKBE",NA,NA,NA,"InChI=1S/C16H22O4/c1-3-5-11-19-15(17)13-9-7-8-10-14(13)16(18)20-12-6-4-2/h7-10H,3-6,11-12H2,1-2H3","DOIRQSBPFJWKBE"
"1086_139.98_5.9",1086,139.983494163393,5.869771,0.297048357085492,0.0697440085639218,0.0283840374869532,0.89643776136889,0.501669883316865,0.623962954762184,0.527172845275775,1.15649309499903,1.5469258282729,0.0474798576158616,0.299581970134081,0.204841194003394,0.885670580902812,0.804817528895944,0.606230682992529,0.908709791484267,0.684487772388877,0.753252335127643,-0.175157896863459,-0.313266367557225,-0.722061222176329,-0.138108470693767,-0.546903325312871,-0.408794854619104,"Amino acids and Peptides","Small peptides","Aminoacids","Thiosulfuric acid (H2S2O3), S-(2-aminoethyl) ester",NA,NA,"C(CSS(=O)(=O)O)N",NA,NA,NA,NA,NA,NA,NA,"InChI=1S/C2H7NO3S2/c3-1-2-7-8(4,5)6/h1-3H2,(H,4,5,6)","MXTPRJXPLFGHEE"
"1750_465.17_8.1",1750,465.174284387237,8.124273,0.321982017562426,0.0384814857520418,0.296279318534726,0.597182648785526,0.971309825130571,0.119420546415646,0.492168382625559,1.4147481684051,0.528298662930084,0.223892819242679,0.0126422182049973,0.922920946010066,0.782144522626153,0.935210146026668,1.4652891803137,1.19569992370026,1.87342509974218,1.56680205677743,-0.354492885293833,-0.0966375132396092,0.551185414022198,0.257855372054224,0.905678299316031,0.647822927261807,"Alkaloids","Anthranilic acid alkaloids","Acridone alkaloids","N-[(6aS,8S)-2-(2,4-difluorophenyl)-6,11-dioxo-6a,7,8,9-tetrahydro-5H-pyrrolo[2,1-c][1,4]benzodiazepin-8-yl]benzamide",NA,NA,"C1C(CN2C1C(=O)NC3=C(C2=O)C=C(C=C3)C4=C(C=C(C=C4)F)F)NC(=O)C5=CC=CC=C5",NA,NA,NA,NA,NA,NA,NA,"InChI=1S/C25H19F2N3O3/c26-16-7-8-18(20(27)11-16)15-6-9-21-19(10-15)25(33)30-13-17(12-22(30)24(32)29-21)28-23(31)14-4-2-1-3-5-14/h1-11,17,22H,12-13H2,(H,28,31)(H,29,32)","ATXCHFMTWBZEQM"
"411_371.27_2.3",411,371.265493691005,2.2615235,0.364912760562946,0.904639476151921,0.325637530975746,0.0941730947936784,0.0235146137300826,0.312907057124145,0.437810949611026,0.0435244646766859,0.487265546791617,1.0260731572034,1.62866215092902,0.504584641917685,0.817275843555733,0.567414990771166,0.742361031248783,0.694275984351264,0.908335951811549,1.30832114646786,-0.291105001872866,-0.817523828615009,-0.429807113812614,-0.526418826742143,-0.138702111939748,0.387716714802395,"Amino acids and Peptides","Small peptides","Dipeptides","2-[3-ethyl-1-(morpholine-4-carbonyl)piperidin-4-yl]-1-(morpholin-4-yl)ethan-1-one",NA,"CCCCC=CCC=CCC=CCCCCCc1cccc(O)c1C(=O)O","CCC1CN(CCC1CC(=O)N2CCOCC2)C(=O)N3CCOCC3",NA,NA,NA,NA,"XHGATLCYJAUBJV","InChI=1S/C24H34O3/c1-2-3-4-5-6-7-8-9-10-11-12-13-14-15-16-18-21-19-17-20-22(25)23(21)24(26)27/h5-6,8-9,11-12,17,19-20,25H,2-4,7,10,13-16,18H2,1H3,(H,26,27)","XHGATLCYJAUBJV-UHFFFAOYSA-N","InChI=1S/C18H31N3O4/c1-2-15-14-21(18(23)20-7-11-25-12-8-20)4-3-16(15)13-17(22)19-5-9-24-10-6-19/h15-16H,2-14H2,1H3","XBDZGJKMACLZGU"
"1971_567.28_8.7",1971,567.283741685407,8.674913,0.419837920422436,0.618209837468136,0.298025967985026,0.0570719309291614,0.0257954164451306,0.694945832262428,0.376918337820182,0.208864088363406,0.525745892765171,1.24357743360676,1.58845745641784,0.158049045289487,0.889754322424103,0.583935711678302,0.743582718631233,0.656288704602626,0.835716893856013,1.27339825902082,-0.168521058526652,-0.776118550351036,-0.427434853455591,-0.607597491824384,-0.258913794928938,0.348683696895445,NA,NA,NA,NA,NA,NA,NA,NA,NA,NA,NA,NA,NA,NA,NA,NA
"2312_126.1_10.2",2312,126.104161521162,10.152134,0.483919999049875,0.119171153617142,0.0493731166263404,0.847432012185902,0.465381727775135,0.661630930076451,0.315226429353396,0.923828856516994,1.3065094575303,0.0718951343247664,0.332190672364748,0.179384200481593,1.10508208139244,1.24806657357581,1.79845307803008,1.12938811929988,1.62743845757047,1.44099130295379,0.144153531625648,0.319694891576792,0.846756519786677,0.175541359951144,0.70260298816103,0.527061628209886,"Fatty acids","Fatty acyls","Halogenated fatty acids","3-(Aminooxy)-2-fluoropropanamine",NA,"CNCCc1cnc[nH]1","C(C(CON)F)N",NA,NA,NA,NA,"PHSPJQZRQAJPPF","InChI=1S/C6H11N3/c1-7-3-2-6-4-8-5-9-6/h4-5,7H,2-3H2,1H3,(H,8,9)","PHSPJQZRQAJPPF-UHFFFAOYSA-N","InChI=1S/C3H9FN2O/c4-3(1-5)2-7-6/h3H,1-2,5-6H2","KZCFCFDOYOJTOF"
"2383_124.09_10.4",2383,124.088435501141,10.425658,0.719977656017208,0.121324027416343,0.805741976137209,0.0254651772801298,0.21218186480212,0.100761815997622,0.142680981372905,0.916053181483178,0.0938040106517245,1.59405329606294,0.673291738026288,0.9967040139544,1.34532867125188,0.758485036507639,0.887025982555684,0.563791624095721,0.659337752558465,1.16947064195214,0.427958674238396,-0.398807375811449,-0.172951730659524,-0.826766050049845,-0.60091040489792,0.225855645151925,"Alkaloids","Nicotinic acid alkaloids","Halogenated fatty acids","1-(2-Fluoroethyl)urea",NA,NA,"C(CF)NC(=O)N",NA,NA,NA,NA,NA,NA,NA,"InChI=1S/C3H7FN2O/c4-1-2-6-3(5)7/h1-2H2,(H3,5,6,7)","SNHLRJSKPOPBPO"
"819_181.16_4.3",819,181.159145723474,4.3481736,0.761890276086983,0.903748209591096,0.0207961708465343,0.311865706885868,0.0856238881641598,0.00097586361093982,0.118107569239319,0.0439525500741512,1.68201662336953,0.506032378141374,1.06740505482571,3.01061087613998,1.63305479183451,1.3096136986961,1.50311110947941,0.801941064834045,0.920429073779503,1.14775151708932,0.707573196644745,0.389141317744475,0.58795165673947,-0.31843187890027,-0.119621539905276,0.198810338994995,"Fatty acids","Fatty Acids and Conjugates","Unsaturated fatty acids","(E)-3-ethyl-2-methylnon-2-enoate",NA,"C[C@H]1CCC[C@@]2(C)CCC[C@H]3O[C@]132","CCCCCCC(=C(C)C(=O)O)CC",NA,NA,NA,NA,"KKXSVZHUGGQUGL","InChI=1S/C12H20O/c1-9-5-3-7-11(2)8-4-6-10-12(9,11)13-10/h9-10H,3-8H2,1-2H3/t9-,10+,11-,12+/m0/s1","KKXSVZHUGGQUGL-WHOHXGKFSA-N","InChI=1S/C12H22O2/c1-4-6-7-8-9-11(5-2)10(3)12(13)14/h4-9H2,1-3H3,(H,13,14)","ZVAYQRYFPRUYPL"
"1611_488.36_7.7",1611,488.360648842431,7.7167287,0.842945692183195,0.914156868710079,0.0961628013074559,0.977255605311993,0.331224565494735,0.0436873584844242,0.0742004044320921,0.0389792732272804,1.01699289377468,0.0099918298759285,0.47987746094762,1.35964421370929,1.52111307333475,1.39431313070431,1.78552326588643,0.916640028375761,1.17382678328575,1.28057552250441,0.605127401107069,0.479554593762921,0.836346932781602,-0.125572807344149,0.231219531674532,0.356792339018681,"Alkaloids","Pseudoalkaloids (transamidation)","Phenylalanine-derived alkaloids","2-[[(3,5-Ditert-butyl-4-hydroxyphenyl)-diethoxyphosphorylmethyl]amino]ethyl-ethyl-dimethylazanium",NA,NA,"CC[N+](C)(C)CCNC(C1=CC(=C(C(=C1)C(C)(C)C)O)C(C)(C)C)P(=O)(OCC)OCC",NA,NA,NA,NA,NA,NA,NA,"InChI=1S/C25H47N2O4P/c1-12-27(10,11)16-15-26-23(32(29,30-13-2)31-14-3)19-17-20(24(4,5)6)22(28)21(18-19)25(7,8)9/h17-18,23,26H,12-16H2,1-11H3/p+1","PJZIBTYTMLJSON"
"1605_576.41_7.7",1605,576.413232115885,7.6887817,0.91660582944878,0.955414232404163,0.043297502391497,0.989509706243383,0.111702621635302,0.0109932794364511,0.0378173850473887,0.0198082935021587,1.36353715512182,0.00457994137949833,0.95193663397137,1.95887273262668,1.60831585214511,1.51799987103923,1.78545486889963,0.943844375477976,1.11013944587953,1.17618907811718,0.685550760730677,0.602171668190089,0.836291667254927,-0.083379092540588,0.15074090652425,0.234119999064838,"Terpenoids","Sesquiterpenoids","Dibenzylbutane lignans","23-[4-(2,4,4-trimethylpentan-2-yl)phenoxy]-3,6,9,12,15,18,21-heptaoxatricosan-1-ol",NA,NA,"CC(C)(C)CC(C)(C)C1=CC=C(C=C1)OCCOCCOCCOCCOCCOCCOCCOCCO",NA,NA,NA,NA,NA,NA,NA,"InChI=1S/C30H54O9/c1-29(2,3)26-30(4,5)27-6-8-28(9-7-27)39-25-24-38-23-22-37-21-20-36-19-18-35-17-16-34-15-14-33-13-12-32-11-10-31/h6-9,31H,10-26H2,1-5H3","OJLRAIOADFIRJN"
"1431_343.13_7.2",1431,343.133205199117,7.166775,0.997590147701662,0.417155325721363,0.873537404218325,0.528054661341231,0.764967388026196,0.0336918213593549,0.00104784864331795,0.379702207511932,0.0587184941179982,0.277321119340893,0.116357079228297,1.47247551068892,0.669035739822885,0.832288233603929,0.866525184695914,1.24401161860839,1.29518519432954,1.04113593069042,-0.579844813336015,-0.264844853566511,-0.206686414390673,0.314999959769504,0.373158398945342,0.0581584391758385,"Amino acids and Peptides","Macrolides","Thiodiketopiperazine alkaloids","3-((Acetyloxy)acetyl)-2-((2-methoxyphenoxy)methyl)thiazolidine",NA,NA,"CC(=O)OCC(=O)N1CCSC1COC2=CC=CC=C2OC",NA,NA,NA,NA,NA,NA,NA,"InChI=1S/C15H19NO5S/c1-11(17)20-9-14(18)16-7-8-22-15(16)10-21-13-6-4-3-5-12(13)19-2/h3-6,15H,7-10H2,1-2H3","XWRJIIVUYJZKBZ"
"2777_153.11_11.7",2777,153.113747237542,11.671084,1,6.92645167019723e-05,6.22085507009373e-05,6.92645167019723e-05,6.22085507009373e-05,0.981462172478933,0,4.15948919175299,4.20614991648272,4.15948919175299,4.20614991648272,0.00812643432199753,1.00886902541404,1.92077216085126,1.92077216085126,1.90388654271845,1.90388654271845,1,0.0127388913416116,0.941686398803374,0.941686398803374,0.928947507461762,0.928947507461762,0,"Alkaloids","Nicotinic acid alkaloids","Pyridine alkaloids","5,6,7,8-Tetrahydropyrido[3,4-d]pyrimidine",NA,"CCCCC(CC)CO","C1CNCC2=NC=NC=C21",NA,NA,NA,NA,"YIWUKEYIRIRTPP","InChI=1S/C8H18O/c1-3-5-6-8(4-2)7-9/h8-9H,3-7H2,1-2H3","YIWUKEYIRIRTPP-UHFFFAOYSA-N","InChI=1S/C7H9N3/c1-2-8-4-7-6(1)3-9-5-10-7/h3,5,8H,1-2,4H2","WGJUBVJZKNTGRC"
"2713_136.09_11.5",2713,136.087106081703,11.496032,1,0.000842726903978019,0.000502877921066514,0.000842726903978019,0.000502877921066514,0.628858024841308,0,3.0743131410465,3.2985374317274,3.0743131410465,3.2985374317274,0.201447392691041,1.04300053975783,1.86173951027683,1.86173951027683,1.78498422513674,1.78498422513674,1,0.0607399044595431,0.896651228900158,0.896651228900158,0.835911324440615,0.835911324440615,0,"Alkaloids","Nicotinic acid alkaloids","Pyridine alkaloids","Imidazo[1,2-a]pyridine",NA,NA,"C1=CC2=NC=CN2C=C1",NA,NA,NA,NA,NA,NA,NA,"InChI=1S/C7H6N2/c1-2-5-9-6-4-8-7(9)3-1/h1-6H","UTCSSFWDNNEEBH"
"1402_190.99_7.1",1402,190.994119297703,7.054214,1,0.00863431700693185,0.0082526505048538,0.00863431700693185,0.0082526505048538,0.999830427907049,0,2.06377201036659,2.08340654663031,2.06377201036659,2.08340654663031,7.36504689619331e-05,1.00398436088707,1.76170744043684,1.76170744043684,1.75471601856456,1.75471601856456,1,0.00573679653330875,0.81697436167316,0.81697436167316,0.811237565139851,0.811237565139851,0,"Amino acids and Peptides","Small peptides","Aminoacids","1-[5-[Amino(dihydroxy)-lambda4-sulfanyl]-1,3-thiazol-2-yl]ethanone",NA,"O=C(O)CCC(=O)C(=O)O","CC(=O)C1=NC=C(S1)S(N)(O)O",NA,NA,NA,NA,"KPGXRSRHYNQIFN","InChI=1S/C5H6O5/c6-3(5(9)10)1-2-4(7)8/h1-2H2,(H,7,8)(H,9,10)","KPGXRSRHYNQIFN-UHFFFAOYSA-N","InChI=1S/C5H8N2O3S2/c1-3(8)5-7-2-4(11-5)12(6,9)10/h2,9-10H,6H2,1H3","PKBZKRDRVZZFTI"
