"feature_id","feature_id_full","feature_id_full_annotated","feature_mz","feature_rt","control_negative_vs_control_positive_p_value","control_negative_vs_P2_negative_p_value","control_negative_vs_P2_positive_p_value","control_positive_vs_P2_negative_p_value","control_positive_vs_P2_positive_p_value","P2_negative_vs_P2_positive_p_value","control_negative_vs_control_positive_p_value_minus_log10","control_negative_vs_P2_negative_p_value_minus_log10","control_negative_vs_P2_positive_p_value_minus_log10","control_positive_vs_P2_negative_p_value_minus_log10","control_positive_vs_P2_positive_p_value_minus_log10","P2_negative_vs_P2_positive_p_value_minus_log10","P2_negative_vs_P2_positive_fold_change","control_positive_vs_P2_positive_fold_change","control_negative_vs_P2_positive_fold_change","control_positive_vs_P2_negative_fold_change","control_negative_vs_P2_negative_fold_change","control_negative_vs_control_positive_fold_change","P2_negative_vs_P2_positive_fold_change_log2","control_positive_vs_P2_positive_fold_change_log2","control_negative_vs_P2_positive_fold_change_log2","control_positive_vs_P2_negative_fold_change_log2","control_negative_vs_P2_negative_fold_change_log2","control_negative_vs_control_positive_fold_change_log2","sirius_name","sirius_chebiasciiname","sirius_chebiid","sirius_confidencescoreapproximate","sirius_confidencescoreexact","sirius_csi_fingeridscore","sirius_siriusscore","sirius_zodiacscore","sirius_inchi","sirius_inchikey2d","sirius_molecularformula","sirius_adduct","sirius_smiles","canopus_npc_pathway","canopus_npc_class","canopus_npc_superclass","met_annot_structure_exact_mass","met_annot_structure_inchi","met_annot_structure_inchikey","met_annot_short_inchikey","met_annot_structure_smiles","met_annot_structure_molecular_formula","met_annot_structure_nametraditional","met_annot_structure_wikidata","met_annot_structure_taxonomy_npclassifier_01pathway","met_annot_structure_taxonomy_npclassifier_02superclass","met_annot_structure_taxonomy_npclassifier_01pathway_consensus","met_annot_structure_taxonomy_npclassifier_02superclass_consensus","met_annot_structure_taxonomy_npclassifier_03class_consensus","met_annot_organism_name","met_annot_organism_taxonomy_01domain","met_annot_organism_taxonomy_02kingdom","met_annot_organism_taxonomy_03phylum","met_annot_organism_taxonomy_04class","met_annot_organism_taxonomy_05order","met_annot_organism_taxonomy_06family","met_annot_organism_taxonomy_07tribe","met_annot_organism_taxonomy_08genus","met_annot_organism_taxonomy_09species","met_annot_organism_taxonomy_10varietas","met_annot_organism_taxonomy_ottid","met_annot_organism_wikidata","met_annot_score_taxo","control_negative","control_negative.pval","control_positive","control_positive.pval","P2_negative","P2_negative.pval","P2_positive","P2_positive.pval","MeanDecreaseAccuracy","MeanDecreaseAccuracy.pval","MeanDecreaseGini","MeanDecreaseGini.pval"
6,"6_139.98_0.3","NA_[6_139.98_0.3]",139.982493500839,0.29572558,3.60830155889946e-05,1.03696800382025e-05,9.76160129040338e-06,0.928828124413314,0.969525944263916,0.993679684321207,4.44269717404217,4.98423464378327,5.01047893494153,0.0320646428683346,0.0134405648215857,0.00275358919508014,1.00458206891979,0.98768439312688,1.9531380710384,0.983179397367621,1.94422947757626,1.97749208616634,0.00659542926496147,-0.0178779814282916,0.96579393968119,-0.024473410693253,0.959198510416229,0.983671921109482,"Thiosulfuric acid (H2S2O3), S-(2-aminoethyl) ester",NA,NA,0.1,0.1,-63.861,8.582,1,"InChI=1S/C2H7NO3S2/c3-1-2-7-8(4,5)6/h1-3H2,(H,4,5,6)","MXTPRJXPLFGHEE","C2H7NO3S2","[M - H2O + H]+","C(CSS(=O)(=O)O)N","Fatty acids","Aminoacids","Small peptides",NA,NA,NA,NA,NA,NA,NA,NA,NA,NA,NA,NA,NA,NA,NA,NA,NA,NA,NA,NA,NA,NA,NA,NA,NA,NA,NA,0,1,0,1,-1.34406227991274,0.864271457085828,-1.38942503594182,0.834331337325349,-1.40834895880057,0.812375249500998,0.0722666666666667,0.630738522954092
179,"179_214_0.5","NA_[179_214_0.5]",214.003725975823,0.49961653,0.0303531282845899,0.0753364501366276,0.0449683857298792,0.347432763298022,0.550802387763037,0.893693301405957,1.51779654258799,1.12299484766336,1.34709270240735,0.459129229502572,0.259004185717105,0.0488114972665159,1.05496748327104,0.859877823401038,1.71975564680208,0.815075191450355,1.63015038290071,2,0.0771985321584473,-0.217796407276272,0.782203592723728,-0.294994939434719,0.705005060565281,1,"Methyl 5,5-dichloro-3-oxo-4-pentenoate",NA,NA,0.024,0.024,-151.539,133.98,0.232,"InChI=1S/C6H6Cl2O3/c1-11-6(10)3-4(9)2-5(7)8/h2H,3H2,1H3","GPCRARQCGUBRIQ","C6H6Cl2O3","[M + H3N + H]+","COC(=O)CC(=O)C=C(Cl)Cl","Fatty acids","Halogenated fatty acids","Fatty Acids and Conjugates",NA,NA,NA,NA,NA,NA,NA,NA,NA,NA,NA,NA,NA,NA,NA,NA,NA,NA,NA,NA,NA,NA,NA,NA,NA,NA,NA,0,1,0,1,1.26693979201741,0.137724550898204,-1.00100150250438,0.734530938123752,0.68631738948861,0.231536926147705,0.0651714285714286,0.732534930139721
308,"308_137.99_1.3","NA_[308_137.99_1.3]",137.987456192027,1.3415357,0.00127043915585789,0.000947951369721256,0.00240815487491841,0.464857398259694,0.109209961932097,0.295278282131511,2.89604612943921,3.02321394156851,2.61831558586956,0.332680252802717,0.961737744279549,0.529768494441279,0.927652295891727,0.850765831709665,1.70153166341933,0.917117152059486,1.83423430411897,2,-0.108343941465572,-0.233166001660339,0.766833998339661,-0.124822060194767,0.875177939805233,1,"1-(2,2-Dichloroethylamino)ethenol",NA,NA,0.115,0.115,-54.766,7.591,1,"InChI=1S/C4H7Cl2NO/c1-3(8)7-2-4(5)6/h4,7-8H,1-2H2","ZDXIOIDDAPSCJQ","C4H7Cl2NO","[M - H2O + H]+","C=C(NCC(Cl)Cl)O","Fatty acids","Halogenated fatty acids","Fatty amides",NA,NA,NA,NA,NA,NA,NA,NA,NA,NA,NA,NA,NA,NA,NA,NA,NA,NA,NA,NA,NA,NA,NA,NA,NA,NA,NA,0,1,0,1,0.412638740863523,0.255489021956088,1.9042342233658,0.0658682634730539,1.03641775532747,0.171656686626747,0.13842380952381,0.217564870259481
369,"369_163_1.9","NA_[369_163_1.9]",162.998427203822,1.873479,0.0155104731655195,0.00950787243095441,0.0136622448796929,0.889722404675525,0.715105231896893,0.93462494859983,1.80937495331214,2.02191665392158,1.86447793471295,0.0507454730436975,0.145630044535499,0.0293626302295074,0.967151990439252,0.909323165599075,1.75907909799014,0.940207097320957,1.81882384090552,1.93449277939734,-0.0481854641074954,-0.137134987981288,0.814820355869838,-0.0889495238737919,0.863005819977333,0.951955343851125,"Hex-5-yne-1-sulfonyl chloride",NA,NA,0.022,0.022,-150.415,5.587,0.401,"InChI=1S/C6H9ClO2S/c1-2-3-4-5-6-10(7,8)9/h1H,3-6H2","VYNDGSIDPUZLRH","C6H9ClO2S","[M - H2O + H]+","C#CCCCCS(=O)(=O)Cl","Shikimates and Phenylpropanoids","Simple phenolic acids","Phenolic acids (C6-C1)",NA,NA,NA,NA,NA,NA,NA,NA,NA,NA,NA,NA,NA,NA,NA,NA,NA,NA,NA,NA,NA,NA,NA,NA,NA,NA,NA,0,1,0,1,0,0.461077844311377,-0.333370376544353,0.500998003992016,-0.762936548442884,0.562874251497006,0.084852380952381,0.57684630738523
398,"398_163_2.1","NA_[398_163_2.1]",162.998472609156,2.1198535,0.0106421337073285,0.00741869437647291,0.0072874744733582,0.793950598140345,0.803342191447202,0.999988965939792,1.97297128891908,2.12967251992124,2.13742295348152,0.100206519767518,0.0950994233372048,4.79205789933441e-06,1.0016289099694,0.928392705049971,1.82532709109477,0.926882896259783,1.82235863294973,1.96611528846139,0.00234810842507591,-0.107192908298868,0.868155012166468,-0.109541016723944,0.865806903741391,0.975347920465336,"Acetamide, 2,2'-dithiodi-",NA,NA,0.13,0.13,-96.039,13.261,1,"InChI=1S/C4H8N2O2S2/c5-3(7)1-9-10-2-4(6)8/h1-2H2,(H2,5,7)(H2,6,8)","WFVWTLVPOUCKBR","C4H8N2O2S2","[M - H2O + H]+","C(C(=O)N)SSCC(=O)N","Amino acids and Peptides","Imidazole alkaloids","Histidine alkaloids",NA,NA,NA,NA,NA,NA,NA,NA,NA,NA,NA,NA,NA,NA,NA,NA,NA,NA,NA,NA,NA,NA,NA,NA,NA,NA,NA,0,1,0,1,-1.34406227991274,0.802395209580838,0,0.44311377245509,-0.762936548442884,0.520958083832335,0.0892761904761905,0.516966067864271
431,"431_470.37_2.3","NA_[431_470.37_2.3]",470.370824110273,2.3146868,0.0412376091783312,0.989634682525352,0.516332550474827,0.0108264417577846,0.00377013316487951,0.350135808280991,1.38470652163189,0.00452509292073186,0.287070495433123,1.96551425610566,2.42364330980721,0.455763471801096,0.859223428635732,0.537510690753589,0.828763530894645,0.625577321148056,0.964549502811566,1.54185497172665,-0.218894762742156,-0.895634645592142,-0.270967575158069,-0.676739882849986,-0.0520728124159128,0.624667070434073,NA,NA,NA,0.154,0.154,-284.843,19.814,1,"InChI=1S/C23H48O8/c1-16(24)6-3-7-19(27)13-20(28)9-5-11-22(30)15-23(31)14-21(29)10-4-8-18(26)12-17(2)25/h16-31H,3-15H2,1-2H3","JLTZPFHFOCOCED","C23H48O8","[M + H3N + H]+","CC(CCCC(CC(CCCC(CC(CC(CCCC(CC(C)O)O)O)O)O)O)O)O","Fatty acids","Fatty alcohols","Fatty acyls",NA,NA,NA,NA,NA,NA,NA,NA,NA,NA,NA,NA,NA,NA,NA,NA,NA,NA,NA,NA,NA,NA,NA,NA,NA,NA,NA,0,1,0,1,1.23278418180384,0.169660678642715,2.61775625263929,0.0239520958083832,2.18289454261203,0.0518962075848303,0.16962380952381,0.183632734530938
458,"458_324.23_2.4","NA_[458_324.23_2.4]",324.228503659493,2.44969,0.00499669997674979,0.741368096273769,0.477356459796857,0.000705664308427334,0.000508438441490955,0.854412908972892,2.30131672667384,0.129966107152393,0.321157195996016,3.15140184805411,3.29376162118598,0.0683321986894162,1.02827734335836,1.92038516441743,1.09129224156576,1.86757510201035,1.06128200588529,0.568267377704312,0.0402294356632567,0.941395695876863,0.126037498544713,0.901166260213606,0.0858080628814564,-0.815358197332149,"Barbituric acid, 1,3-dicyclohexyl-5-methyl-",NA,NA,0.081,0.081,-218.498,58.599,0.99,"InChI=1S/C17H26N2O3/c1-12-15(20)18(13-8-4-2-5-9-13)17(22)19(16(12)21)14-10-6-3-7-11-14/h12-14H,2-11H2,1H3","ILCHAUPJKKIXPX","C17H26N2O3","[M + H3N + H]+","CC1C(=O)N(C(=O)N(C1=O)C2CCCCC2)C3CCCCC3","Alkaloids","Piperidine alkaloids","Lysine alkaloids","323.220891788","InChI=1S/C17H29N3O3/c1-4-11(2)15(19-3)16(21)20-14(17(22)23)10-7-12-5-8-13(18)9-6-12/h5-6,8-9,11-15,19H,4,7,10,18H2,1-3H3,(H,20,21)(H,22,23)","ATAHFPOIIFBWFN-UHFFFAOYSA-N","ATAHFPOIIFBWFN","CCC(C)C(NC)C(=O)NC(CCC1C=CC(N)C=C1)C(=O)O","C17H29N3O3","Stravidin","http://www.wikidata.org/entity/Q82921572","Amino acids and Peptides","Small peptides","Amino acids and Peptides","Small peptides","Dipeptides","Streptomyces venezuelae","['Bacteria']","['Unknown']","['Actinobacteria']","['Unknown']","['Streptomycetales']","['Streptomycetaceae']","['Unknown']","['Streptomyces']","['Streptomyces venezuelae']","nan","906605.0","http://www.wikidata.org/entity/Q7623398",0,0,1,0,1,-1.34406227991274,0.794411177644711,-1.34406227991274,0.788423153692615,-1.73048326707831,0.900199600798403,0.0853095238095238,0.574850299401198
510,"510_188.13_2.7","NA_[510_188.13_2.7]",188.128575183362,2.730464,0.0473427168989214,0.672507328333056,0.411835532746955,0.061557983079702,0.11373421562041,0.845702183094219,1.32474682244513,0.172302978779432,0.385276185619406,1.21071561807554,0.944108863194961,0.0727825483202298,0.93557048836244,1.58696532474159,0.817433245253065,1.69625415132462,0.87372705255362,0.515092064400443,-0.096081740854848,0.666270605570778,-0.290827175499444,0.762352346425626,-0.194745434644597,-0.957097781070223,"2,5,8-Nonanetrione",NA,NA,0.104,0.104,-93.497,48.438,0.994,"InChI=1S/C9H14O3/c1-7(10)3-5-9(12)6-4-8(2)11/h3-6H2,1-2H3","OCLVFADSCVQCER","C9H14O3","[M + H3N + H]+","CC(=O)CCC(=O)CCC(=O)C","Fatty acids","Unsaturated fatty acids","Fatty Acids and Conjugates",NA,NA,NA,NA,NA,NA,NA,NA,NA,NA,NA,NA,NA,NA,NA,NA,NA,NA,NA,NA,NA,NA,NA,NA,NA,NA,NA,0,1,0,1,-1.00100150250438,0.728542914171657,1.00100150250438,0.231536926147705,-0.200008000480032,0.413173652694611,0.076952380952381,0.654690618762475
529,"529_139.98_2.8","NA_[529_139.98_2.8]",139.982633626541,2.8393047,0.00242089590950045,0.00760697396890442,0.00560142196043523,0.0800297489954511,0.119256374168763,0.949744025893246,2.61602388338,2.11878806989991,2.25170171028323,1.09674854522102,0.923518398934907,0.0223934295760931,1.02448048317756,0.836042270681753,1.67208454136351,0.816064614611946,1.63212922922389,2,0.0348925006096271,-0.258352207412266,0.741647792587734,-0.293244708021893,0.706755291978107,1,"Thiosulfuric acid (H2S2O3), S-(2-aminoethyl) ester",NA,NA,0.084,0.084,-57.392,16.37,1,"InChI=1S/C2H7NO3S2/c3-1-2-7-8(4,5)6/h1-3H2,(H,4,5,6)","MXTPRJXPLFGHEE","C2H7NO3S2","[M - H2O + H]+","C(CSS(=O)(=O)O)N","Fatty acids","N-acyl amines","Fatty amides",NA,NA,NA,NA,NA,NA,NA,NA,NA,NA,NA,NA,NA,NA,NA,NA,NA,NA,NA,NA,NA,NA,NA,NA,NA,NA,NA,0,1,0,1,-1.00100150250438,0.730538922155689,0,0.483033932135729,-1.00100150250438,0.67065868263473,0.0562984126984127,0.832335329341317
618,"618_186.15_3.2","NA_[618_186.15_3.2]",186.149328559216,3.2347343,0.0460937265759667,0.70394414702698,0.160792900078927,0.00573519024844427,0.00180786328978921,0.228630400050142,1.3363581787066,0.152461797676426,0.793733131735695,2.24145217105319,2.74283441386894,0.640866023738457,1.10492190374218,1.91191220076588,1.205229735181,1.73035957952373,1.09078273414537,0.630379226984484,0.143944403041577,0.935016273094794,0.269308172360458,0.791071870053217,0.12536376931888,-0.665708100734337,"p-Mentha-1(7),8-dien-10-yl hydroperoxide",NA,NA,0.019,0.019,-98.094,178.243,1,"InChI=1S/C10H16O2/c1-8-3-5-10(6-4-8)9(2)7-12-11/h10-11H,1-7H2","IDHJELSAQZNLMQ","C10H16O2","[M + H3N + H]+","C=C1CCC(CC1)C(=C)COO","Fatty acids","Unsaturated fatty acids","Fatty Acids and Conjugates","326.318480584","InChI=1S/C21H42O2/c1-3-4-5-6-7-8-9-10-11-12-13-14-15-16-17-18-19-20-21(22)23-2/h3-20H2,1-2H3","QGBRLVONZXHAKJ-UHFFFAOYSA-N","QGBRLVONZXHAKJ","CCCCCCCCCCCCCCCCCCCC(=O)OC","C21H42O2","Methyl arachidate","http://www.wikidata.org/entity/Q63398929","Fatty acids","Fatty esters","Fatty acids","Monoterpenoids","Wax monoesters","Lepidium meyenii","['Eukaryota']","['Archaeplastida']","['Streptophyta']","['Magnoliopsida']","['Brassicales']","['Brassicaceae']","['Lepidieae']","['Lepidium']","['Lepidium meyenii']","nan","681784.0","http://www.wikidata.org/entity/Q795158",6,0,1,0,1,-1.34406227991274,0.806387225548902,2.14793159805948,0.0439121756487026,0.891827726902054,0.221556886227545,0.191990476190476,0.0858283433133733
837,"837_213.15_4.5","NA_[837_213.15_4.5]",213.146686423464,4.497272,6.43929354282591e-14,0.916022143000923,0.755164635737613,6.4170890823334e-14,6.4170890823334e-14,0.936536744094197,13.1911617766281,0.0380940280058595,0.121958356188303,13.1926619317705,13.1926619317705,0.0284751788394061,1.00294056905869,0.506477179038932,1.00815562441128,0.504992214557923,1.00519976508427,1.99052527169005,0.00423611914589896,-0.98143082966962,0.0117183583185267,-0.985666948815519,0.00748223917262773,0.993149187988146,"Triisopropyl orthoformate",NA,NA,0.013,0.013,-112.961,10.056,0.985,"InChI=1S/C10H22O3/c1-7(2)11-10(12-8(3)4)13-9(5)6/h7-10H,1-6H3","FPIVAWNGRDHRSQ","C10H22O3","[M + Na]+","CC(C)OC(OC(C)C)OC(C)C","Fatty acids","Fatty alcohols","Fatty acyls","nan","nan","nan","MAQZJHHAMPVRNS",NA,"nan","nan","nan","nan","nan","nan","nan","nan","nan","['Unknown']","['Unknown']","['Unknown']","['Unknown']","['Unknown']","['Unknown']","['Unknown']","['Unknown']","['Unknown']","nan","nan","nan",0,0,1,0,1,0,0.445109780439122,-1.00100150250438,0.724550898203593,-1.00100150250438,0.660678642714571,0.0725952380952381,0.686626746506986
864,"864_139.98_4.6","NA_[864_139.98_4.6]",139.982769240691,4.6405625,0.0145605257874157,0.965293123713222,0.936526915765794,0.00310569426996155,0.00282646538039633,0.997685265560484,1.83682294216238,0.0153407875051594,0.0284797364942079,2.50784129922041,2.54875632957231,0.00100644166664348,1.0082532646194,1.8463905738815,1.04291754258509,1.83127656380909,1.03438052638369,0.564841240709248,0.011858077048118,0.884707763926447,0.0606250968737602,0.872849686878329,0.0487670198256421,-0.824082667052687,"Thiosulfuric acid (H2S2O3), S-(2-aminoethyl) ester",NA,NA,0.207,0.207,-39.319,11.445,1,"InChI=1S/C2H7NO3S2/c3-1-2-7-8(4,5)6/h1-3H2,(H,4,5,6)","MXTPRJXPLFGHEE","C2H7NO3S2","[M - H2O + H]+","C(CSS(=O)(=O)O)N","Fatty acids","Aminoacids","Small peptides",NA,NA,NA,NA,NA,NA,NA,NA,NA,NA,NA,NA,NA,NA,NA,NA,NA,NA,NA,NA,NA,NA,NA,NA,NA,NA,NA,0,1,0,1,-1.34406227991274,0.826347305389222,0,0.465069860279441,-1.34406227991274,0.764471057884232,0.0743761904761905,0.68063872255489
915,"915_349.24_4.9","NA_[915_349.24_4.9]",349.237435256847,4.942907,0.00394368172259396,0.00126886053671249,0.0039060658958866,0.998507755863838,0.45540572024943,0.213381448157885,2.404098142336,2.89658610955593,2.40826043437675,0.000648557417429273,0.34160151861073,0.670843341766724,1.18186635362029,1.2058848512369,0.605963764524103,1.02032251577603,0.51271767122223,0.502505495365128,0.24106690364536,0.270092152278818,-0.722696569018137,0.0290252486334572,-0.963763472663497,-0.992788721296955,"N-[1-bis(2-formamido-2-methylpropyl)phosphanyl-2-methylpropan-2-yl]formamide",NA,NA,0.005,0.005,-165.222,52.283,0.011,"InChI=1S/C15H30N3O3P/c1-13(2,16-10-19)7-22(8-14(3,4)17-11-20)9-15(5,6)18-12-21/h10-12H,7-9H2,1-6H3,(H,16,19)(H,17,20)(H,18,21)","PTNRDIQCOIEAAG","C15H30N3O3P","[M + H3N + H]+","CC(C)(CP(CC(C)(C)NC=O)CC(C)(C)NC=O)NC=O","Alkaloids","Imidazole alkaloids","Pseudoalkaloids (transamidation)","348.23005950399994","InChI=1S/C21H32O4/c1-3-14-17(22)9-16-13-5-4-12-8-18(23)21(24)10-20(12,11-25-21)15(13)6-7-19(14,16)2/h12-16,18,23-24H,3-11H2,1-2H3/t12-,13+,14-,15-,16-,18+,19+,20+,21-/m0/s1","YTQLYPLDMHKTML-JHZVCAIQSA-N","YTQLYPLDMHKTML","CC[C@H]1C(=O)C[C@H]2[C@@H]3CC[C@H]4C[C@@H](O)[C@]5(O)C[C@]4(CO5)[C@H]3CC[C@]12C","C21H32O4","2alpha,3beta-Dihydroxy-2,19-epoxy-5alpha-pregnane-16-one","http://www.wikidata.org/entity/Q105361865","Terpenoids","Steroids","Terpenoids","Steroids","Pregnane steroids","Melia volkensii","['Eukaryota']","['Archaeplastida']","['Streptophyta']","['Magnoliopsida']","['Sapindales']","['Meliaceae']","['Unknown']","['Melia']","['Melia volkensii']","nan","991935.0","http://www.wikidata.org/entity/Q18081452",0,0,1,0,1,1.73727046020804,0.0698602794411178,0.175417001390643,0.291417165668663,0.965556277737306,0.187624750499002,0.119009523809524,0.269461077844311
965,"965_249.21_5.3","NA_[965_249.21_5.3]",249.206468701773,5.309868,0.020538552786982,0.975907647597107,0.96374683472081,0.00466220788021354,0.0104512956790025,0.555274427565282,1.68743016145787,0.0105912786823553,0.0160370353124972,2.33140836590406,1.9808298654037,0.255492326929051,1.12329069623129,0.616564610923507,1.06256305886752,0.548891407177251,0.945937736716309,1.72336043951011,0.167731330890951,-0.697676009708176,0.0875484619711888,-0.865407340599127,-0.080182868919762,0.785224471679365,NA,NA,NA,0.509,0.509,-30.57,53.705,1,"InChI=1S/C13H28O4/c1-2-3-8-15-10-5-12-17-13-6-11-16-9-4-7-14/h14H,2-13H2,1H3","QSSDFXGXUGCLSY","C13H28O4","[M + H]+","CCCCOCCCOCCCOCCCO","Fatty acids","Monoacylglycerols","Glycerolipids",NA,NA,NA,NA,NA,NA,NA,NA,NA,NA,NA,NA,NA,NA,NA,NA,NA,NA,NA,NA,NA,NA,NA,NA,NA,NA,NA,0,1,0,1,1.87872185474727,0.0778443113772455,1.00100150250438,0.255489021956088,1.81332546491592,0.0818363273453094,0.147366666666667,0.235528942115768
972,"972_279.16_5.3","NA_[972_279.16_5.3]",279.156941813067,5.3431835,0.0114897494909902,0.00420804847392731,0.0077553310507239,0.997007363158121,0.818803349644205,0.71899445063033,1.93968944005555,2.37591926604113,2.11039965878733,0.00130163429904324,0.0868203893497629,0.14327446159198,1.10372107309242,1.13804986270056,0.578702820995848,1.03110277627658,0.524319807879025,0.508503924092223,0.142375627452009,0.186563769502906,-0.789105418073469,0.0441881420508971,-0.931481045525478,-0.975669187576375,"1-isothiocyanato-10-methanesulfinyldecane",NA,NA,0.063,0.063,-153.45,28.88,0.58,"InChI=1S/C12H23NOS2/c1-16(14)11-9-7-5-3-2-4-6-8-10-13-12-15/h2-11H2,1H3","BULCNSNGNSSTBP","C12H23NOS2","[M + H3N + H]+","CS(=O)CCCCCCCCCCN=C=S","Fatty acids","Primary amides","Fatty amides",NA,NA,NA,NA,NA,NA,NA,NA,NA,NA,NA,NA,NA,NA,NA,NA,NA,NA,NA,NA,NA,NA,NA,NA,NA,NA,NA,0,1,0,1,-1.00100150250438,0.724550898203593,-0.929278138329161,0.588822355289421,-0.960645214664667,0.610778443113772,0.0623904761904762,0.688622754491018
1068,"1068_334.3_5.8","NA_[1068_334.3_5.8]",334.296845092249,5.819562,0.004109590679925,0.00254280369575399,0.00139297014057649,0.755384408591165,0.995720913286605,0.632403050906199,2.38620143221211,2.59468716603016,2.8560581929241,0.121831983411992,0.00186237121903737,0.199006043565048,0.908646929607986,1.02953488944384,0.514767444721922,1.13304173039798,0.56652086519899,0.5,-0.138208275554481,0.041992721640606,-0.958007278359394,0.180200997195087,-0.819799002804913,-1,"(1-Hydroxy-3-tridecoxypropan-2-yl) acetate",NA,NA,0.264,0.264,-76.462,53.312,0.202,"InChI=1S/C18H36O4/c1-3-4-5-6-7-8-9-10-11-12-13-14-21-16-18(15-19)22-17(2)20/h18-19H,3-16H2,1-2H3","RHCIFNALYFFESQ","C18H36O4","[M + H3N + H]+","CCCCCCCCCCCCCOCC(CO)OC(=O)C","Fatty acids","Monoacylglycerols","Glycerolipids",NA,NA,NA,NA,NA,NA,NA,NA,NA,NA,NA,NA,NA,NA,NA,NA,NA,NA,NA,NA,NA,NA,NA,NA,NA,NA,NA,0,1,0,1,0,0.600798403193613,0,0.606786427145709,0,0.489021956087824,0.00826666666666667,0.974051896207585
1071,"1071_290.27_5.8","NA_[1071_290.27_5.8]",290.270386683283,5.83337,0.0262644937953368,0.037518569730816,0.0154727975064844,0.546931295752677,0.937968512656039,0.594398621729595,1.58063096508781,1.4257537259927,1.81043115806592,0.262067225310993,0.0278117405220644,0.225922206272927,0.8733339353443,1.11134903688188,0.555674518440942,1.27253618794024,0.63626809397012,0.5,-0.195394694472244,0.152311989270439,-0.847688010729561,0.347706683742682,-0.652293316257318,-1,"2-aminohexadecane-1,3,4-triol",NA,NA,0.172,0.172,-189.405,9.905,0.169,"InChI=1S/C16H35NO3/c1-2-3-4-5-6-7-8-9-10-11-12-15(19)16(20)14(17)13-18/h14-16,18-20H,2-13,17H2,1H3","OCHZTELGZBWSJD","C16H35NO3","[M + H]+","CCCCCCCCCCCCC(C(C(CO)N)O)O","Fatty acids","Sphingoid bases","Spingolipids","nan","nan","nan","OCHZTELGZBWSJD",NA,"nan","nan","nan","nan","nan","Fatty acids","Fatty Acids and Conjugates","Hydroxy fatty acids","nan","['Unknown']","['Unknown']","['Unknown']","['Unknown']","['Unknown']","['Unknown']","['Unknown']","['Unknown']","['Unknown']","nan","nan","nan",0,0,1,0,1,0,0.502994011976048,1.67131567616219,0.0798403193612774,1.21396815587476,0.137724550898204,0.0912,0.411177644710579
1130,"1130_293.18_6","NA_[1130_293.18_6]",293.176040893563,5.9988713,0.000163477893570962,3.93407467329521e-05,4.33110995883279e-05,0.998612463642177,0.999867771761893,0.983995804401768,3.7865409668523,4.40515740092602,4.3634007902004,0.000603017835041983,5.74297911655325e-05,0.00700675332581827,0.992224523510869,0.997554656611338,1.91769564054376,1.00537190219972,1.93272348657361,1.92239656026279,-0.0112614800168878,-0.00353220526977932,0.939373766903929,0.00772927474710857,0.950635246920816,0.942905972173708,"11-hydroperoxy-3,7,11-trimethyl-8-oxododeca-1,6,9-trien-3-yl acetate",NA,NA,0.073,0.073,-176.765,165.846,0.999,"InChI=1S/C17H26O5/c1-7-17(6,21-14(3)18)11-8-9-13(2)15(19)10-12-16(4,5)22-20/h7,9-10,12,20H,1,8,11H2,2-6H3","BCZPLJUGHXOZHA","C17H26O5","[M - H2O + H]+","CC(=CCCC(C)(C=C)OC(=O)C)C(=O)C=CC(C)(C)OO","Polyketides","Azaphilones","Chromanes","292.167459248","InChI=1S/C17H24O4/c1-9(2)10-5-6-17(3)12(10)7-11-15(19)13(18)8-14(20-4)16(11)21-17/h10,12-14,18H,1,5-8H2,2-4H3/t10-,12+,13-,14-,17-/m0/s1","OICVSQXUNLEFRY-QWKMPEQISA-N","OICVSQXUNLEFRY","C=C(C)[C@@H]1CC[C@]2(C)OC3=C(C[C@H]12)C(=O)[C@@H](O)C[C@@H]3OC","C17H24O4","Coibanol B","http://www.wikidata.org/entity/Q77559318","Terpenoids","Meroterpenoids","Polyketides","Meroterpenoids","Miscellaneous meroterpenoids","Pycnoporus sanguineus","['Eukaryota']","['Fungi']","['Basidiomycota']","['Agaricomycetes']","['Polyporales']","['Polyporaceae']","['Unknown']","['Pycnoporus']","['Pycnoporus sanguineus']","nan","365511.0","http://www.wikidata.org/entity/Q1316813",0,0,1,0,1,-1.34406227991274,0.764471057884232,-1.41705050316284,0.868263473053892,-1.51099471303875,0.81437125748503,0.0513047619047619,0.892215568862275
1164,"1164_230.25_6.2","NA_[1164_230.25_6.2]",230.249319784175,6.193199,0.0208341765031597,0.00600749951028356,0.0140826402369267,0.998976652789094,0.874114218007119,0.54206575196809,1.68122366089913,2.22130625592667,1.8513159153051,0.000444661607200898,0.0584318156387527,0.26594803083254,1.13303500473425,1.11019030268978,0.619768766581183,0.979837602590371,0.54699878114229,0.558254530848994,0.180192433423557,0.150806996588577,-0.690198043147861,-0.0293854368349801,-0.870390476571418,-0.841005039736438,NA,NA,NA,NA,NA,NA,NA,NA,NA,NA,NA,NA,NA,NA,NA,NA,NA,NA,NA,NA,NA,NA,NA,NA,NA,NA,NA,NA,NA,NA,NA,NA,NA,NA,NA,NA,NA,NA,NA,NA,NA,NA,NA,0,1,0,1,-1.00100150250438,0.748502994011976,-1.67131567616219,0.952095808383233,-1.72842140580061,0.932135728542914,0.0725333333333334,0.67065868263473
1169,"1169_230.25_6.2","1-dodecyl-sn-glycero-3-phosphocholine_[1169_230.25_6.2]",230.249203554337,6.1948647,0.0265591177730483,0.0164310036958384,0.0186253654620656,0.92400902983806,0.880050781974125,0.997277410647437,1.5757863552325,1.78433590666535,1.72989519688296,0.0343237846352179,0.0554922668329848,0.00118401806216589,1.01853299848613,1.12474032898704,0.603077299676336,1.10427480568501,0.592103840104056,0.536192474061526,0.0264927215714539,0.169591962042613,-0.729585162890765,0.143099240471159,-0.756077884462219,-0.899177124933378,"Dodecane, 1-(ethenyloxy)-","1-dodecyl-sn-glycero-3-phosphocholine","CHEBI:78104",0.308,0.308,-93.131,57.993,0.999,"InChI=1S/C14H28O/c1-3-5-6-7-8-9-10-11-12-13-14-15-4-2/h4H,2-3,5-14H2,1H3","LAYAKLSFVAPMEL","C14H28O","[M + H3N + H]+","CCCCCCCCCCCCOC=C","Fatty acids","Fatty alcohols","Fatty acyls",NA,NA,NA,NA,NA,NA,NA,NA,NA,NA,NA,NA,NA,NA,NA,NA,NA,NA,NA,NA,NA,NA,NA,NA,NA,NA,NA,0,1,0,1,-1.00100150250438,0.788423153692615,-1.41705050316284,0.912175648702595,-1.35521105606168,0.792415169660679,0.0531952380952381,0.834331337325349
1283,"1283_302.31_6.6","NA_[1283_302.31_6.6]",302.30697683148,6.6208005,0.0071335112435067,0.00489688172172564,0.00460428534554991,0.756766783662221,0.792237548177486,0.99946230453364,2.14669664990649,2.31008038571473,2.33683776928255,0.121037938430776,0.101144578013717,0.000233580977329933,0.991068162629731,1.13595569514381,0.571439591412467,1.14619330736004,0.576589595912547,0.503047428570817,-0.0129438099214915,0.183906567551414,-0.807327099992672,0.196850377472905,-0.794383290071181,-0.991233667544086,NA,NA,NA,NA,NA,NA,NA,NA,NA,NA,NA,NA,NA,NA,NA,NA,NA,NA,NA,NA,NA,NA,NA,NA,NA,NA,NA,NA,NA,NA,NA,NA,NA,NA,NA,NA,NA,NA,NA,NA,NA,NA,NA,0,1,0,1,-1.00100150250438,0.784431137724551,-1.00100150250438,0.740518962075848,-1.00100150250438,0.708582834331337,0.0168333333333333,1
1289,"1289_302.31_6.6","NA_[1289_302.31_6.6]",302.306876513,6.6300254,0.00716676324682941,0.00419910024437109,0.00418824416473629,0.845296727613538,0.84663482649547,0.999999957734884,2.14467694215999,2.37684375740361,2.37796800791329,0.0729908122997944,0.0723038707028801,1.83555069792468e-08,0.999611725637031,1.11825609620741,0.564841949615412,1.1186904550312,0.56506134845052,0.505109653800311,-0.00056027027429132,0.16125062326022,-0.824080856393881,0.161810893534511,-0.82352058611959,-0.985331479654101,NA,NA,NA,NA,NA,NA,NA,NA,NA,NA,NA,NA,NA,NA,NA,NA,NA,NA,NA,NA,NA,NA,NA,NA,NA,NA,NA,NA,NA,NA,NA,NA,NA,NA,NA,NA,NA,NA,NA,NA,NA,NA,NA,0,1,0,1,1.00100150250438,0.217564870259481,0,0.48502994011976,1.00100150250438,0.19560878243513,0.0777904761904762,0.590818363273453
1312,"1312_318.3_6.7","NA_[1312_318.3_6.7]",318.302292424598,6.680587,0.00469712306240178,0.00271801068341593,0.00293819501228854,0.811386080889827,0.763996968902676,0.998657542940793,2.32816806135776,2.56574884056178,2.53191938283094,0.0907724467729191,0.116908364449773,0.000583413384391402,1.01156107136317,1.13428197537922,0.567140987689611,1.12131833409789,0.560659167048945,0.5,0.0165834229046549,0.181779329797378,-0.818220670202621,0.165195906892724,-0.834804093107276,-1,NA,NA,NA,NA,NA,NA,NA,NA,NA,NA,NA,NA,NA,NA,NA,NA,"317.292994108","InChI=1S/C18H39NO3/c1-2-3-4-5-6-7-8-9-10-11-12-13-14-17(21)18(22)16(19)15-20/h16-18,20-22H,2-15,19H2,1H3/t16-,17+,18-/m0/s1","AERBNCYCJBRYDG-KSZLIROESA-N","AERBNCYCJBRYDG","CCCCCCCCCCCCCC[C@@H](O)[C@@H](O)[C@@H](N)CO","C18H39NO3","Phytosphingosine","http://www.wikidata.org/entity/Q3746193","Fatty acids","Sphingolipids","Fatty acids","Fatty Acids and Conjugates","Hydroxy fatty acids","Vitis vinifera","['Eukaryota']","['Archaeplastida']","['Streptophyta']","['Magnoliopsida']","['Vitales']","['Vitaceae']","['Viteae']","['Vitis']","['Vitis vinifera']","nan","756728.0","http://www.wikidata.org/entity/Q30046",4,0,1,0,1,-1.00100150250438,0.726546906187625,1.00100150250438,0.245508982035928,-0.447303065060821,0.489021956087824,0.0526428571428572,0.766467065868264
1315,"1315_318.3_6.7","NA_[1315_318.3_6.7]",318.301883205123,6.684939,0.00883950792313404,0.00942855578850588,0.00511439980879491,0.532942340125986,0.86983464363814,0.733223403160361,2.05357191057694,2.02555482487843,2.29120532481057,0.273319775438147,0.060563299313523,0.134763681596897,0.916239051883085,1.11765261268463,0.558826306342317,1.21982643109088,0.609913215545439,0.5,-0.126204040263937,0.160471841279319,-0.839528158720681,0.286675881543257,-0.713324118456743,-1,NA,NA,NA,NA,NA,NA,NA,NA,NA,NA,NA,NA,NA,NA,NA,NA,"317.292994108","InChI=1S/C18H39NO3/c1-2-3-4-5-6-7-8-9-10-11-12-13-14-17(21)18(22)16(19)15-20/h16-18,20-22H,2-15,19H2,1H3/t16-,17+,18-/m0/s1","AERBNCYCJBRYDG-KSZLIROESA-N","AERBNCYCJBRYDG","CCCCCCCCCCCCCC[C@@H](O)[C@@H](O)[C@@H](N)CO","C18H39NO3","Phytosphingosine","http://www.wikidata.org/entity/Q3746193","Fatty acids","Sphingolipids","Fatty acids","Fatty Acids and Conjugates","Hydroxy fatty acids","Vitis vinifera","['Eukaryota']","['Archaeplastida']","['Streptophyta']","['Magnoliopsida']","['Vitales']","['Vitaceae']","['Viteae']","['Vitis']","['Vitis vinifera']","nan","756728.0","http://www.wikidata.org/entity/Q30046",4,0,1,0,1,-1.34406227991274,0.842315369261477,0,0.477045908183633,-1.40275209380409,0.796407185628742,0.051847619047619,0.790419161676647
1390,"1390_374.33_7","NA_[1390_374.33_7]",374.328220833796,7.017692,0.03634870119388,0.0169120422643956,0.0214524793746537,0.991301346501509,0.953899642080434,0.98282578441193,1.43951110267037,1.77180394470252,1.66852250690565,0.00379430391168062,0.0204973141673339,0.00752345833671759,1.03486119313571,1.08198584569766,0.6140464239898,1.04553717240006,0.593361146463703,0.56751798226516,0.0494372707155084,0.113681626266987,-0.703580362536199,0.0642443555514787,-0.753017633251707,-0.817261988803186,"Dodecyl hydrogen azelate",NA,NA,0.199,0.199,-146.866,52.093,0.299,"InChI=1S/C21H40O4/c1-2-3-4-5-6-7-8-9-13-16-19-25-21(24)18-15-12-10-11-14-17-20(22)23/h2-19H2,1H3,(H,22,23)","FIQPWWYQZYPWCG","C21H40O4","[M + H3N + H]+","CCCCCCCCCCCCOC(=O)CCCCCCCC(=O)O","Fatty acids","Monoacylglycerols","Fatty esters",NA,NA,NA,NA,NA,NA,NA,NA,NA,NA,NA,NA,NA,NA,NA,NA,NA,NA,NA,NA,NA,NA,NA,NA,NA,NA,NA,0,1,0,1,-1.00100150250438,0.758483033932136,0,0.497005988023952,-1.00100150250438,0.726546906187625,0.043852380952381,0.900199600798403
1671,"1671_324.22_7.9","NA_[1671_324.22_7.9]",324.218502964722,7.8630943,0.0430177668478865,0.925464706960258,0.763996958906914,0.0293126608528956,0.0445951778034505,0.931087887319331,1.36635213859786,0.0336401386233061,0.116908370131869,1.53294475674823,1.35071210017971,0.0310093231257103,1.05983956059078,0.650372543193252,1.17430876808378,0.613651884093397,1.10800616597968,1.80559400973181,0.083845884921636,-0.620661742509889,0.231811794831798,-0.704507627431525,0.147965909910162,0.852473537341687,"(4E)-4-Fluoro-5-[(2-methoxyethoxy)methoxy]-6-(allyloxy)-4-octen-3-ol",NA,NA,0.005,0.005,-130.746,29.454,0.226,"InChI=1S/C15H27FO5/c1-5-8-20-13(7-3)15(14(16)12(17)6-2)21-11-19-10-9-18-4/h5,12-13,17H,1,6-11H2,2-4H3","VAGRPRINVLBCCA","C15H27FO5","[M + H3N + H]+","CCC(C(=C(C(CC)OCC=C)OCOCCOC)F)O","Fatty acids","Halogenated fatty acids","Fatty esters",NA,NA,NA,NA,NA,NA,NA,NA,NA,NA,NA,NA,NA,NA,NA,NA,NA,NA,NA,NA,NA,NA,NA,NA,NA,NA,NA,0,1,0,1,0,0.469061876247505,0,0.487025948103792,0,0.387225548902196,0.0600333333333333,0.788423153692615
1672,"1672_279.16_7.9","NA_[1672_279.16_7.9]",279.160620485454,7.8620796,0.0101742273720465,0.999801240400355,0.998530966200507,0.00291920606982576,0.00354941930111841,0.981148255084794,1.99249856105086,8.63287769721198e-05,0.00063846234913907,2.53473524662577,2.44984269340935,0.00826536417918756,1.02954976970989,0.571349187557498,1.01935404350641,0.554950527276106,0.990096907887844,1.78411742889513,0.042013573319471,-0.807555357735334,0.027655217449568,-0.849568931054806,-0.014358355869903,0.835210575184902,NA,NA,NA,NA,NA,NA,NA,NA,NA,NA,NA,NA,NA,NA,NA,NA,"278.151809184","InChI=1S/C16H22O4/c1-2-3-4-5-6-9-12-20-16(19)14-11-8-7-10-13(14)15(17)18/h7-8,10-11H,2-6,9,12H2,1H3,(H,17,18)","PKIYFBICNICNGJ-UHFFFAOYSA-N","PKIYFBICNICNGJ","CCCCCCCCOC(=O)c1ccccc1C(=O)O","C16H22O4","Octyl hydrogen phthalate","http://www.wikidata.org/entity/Q27225611","Shikimates and Phenylpropanoids","Phenolic acids (C6-C1)","Shikimates and Phenylpropanoids","Phenolic acids (C6-C1)","Shikimic acids and derivatives","Aloe vera","['Eukaryota']","['Archaeplastida']","['Streptophyta']","['Magnoliopsida']","['Asparagales']","['Asphodelaceae']","['Unknown']","['Aloe']","['Aloe vera']","nan","62303.0","http://www.wikidata.org/entity/Q80079",0,0,1,0,1,-1.41705050316284,0.862275449101796,-1.63736530665978,0.906187624750499,-1.63736530665978,0.854291417165669,0.0844571428571429,0.574850299401198
1674,"1674_301.14_7.9","NA_[1674_301.14_7.9]",301.142669601947,7.871126,0.0292163727176018,0.999470192122334,0.869983606251649,0.0110446491240872,0.0214738660006892,0.741843052024952,1.53437370375131,0.000230153611722576,0.0604889310383091,1.95684807661403,1.66808976126374,0.129687966485538,1.10273391154228,0.622555340258923,1.12225808510193,0.564556266695582,1.01770524453388,1.80266397624214,0.14108471222565,-0.683726007797453,0.16640448992193,-0.824810720023103,0.0253197776962791,0.850130497719382,NA,NA,NA,NA,NA,NA,NA,NA,NA,NA,NA,NA,NA,NA,NA,NA,NA,NA,NA,NA,NA,NA,NA,NA,NA,NA,NA,NA,NA,NA,NA,NA,NA,NA,NA,NA,NA,NA,NA,NA,NA,NA,NA,0,1,0,1,0,0.461077844311377,-1.26693979201741,0.786427145708583,-1.40834895880057,0.80439121756487,0.0206666666666667,1
1675,"1675_279.16_7.9","NA_[1675_279.16_7.9]",279.160564598157,7.871158,0.014974538264397,0.931136162594333,0.981127318109232,0.00286587131970184,0.00344596478558234,0.983905503429169,1.82464656007829,0.0309868063017532,0.00827463179998343,2.54274331372864,2.46268916493367,0.00704661021699611,1.0277523525946,0.571349187557498,0.956809009060108,0.555921070007874,0.930972336521157,1.6746484109839,0.0394926743320846,-0.807555357735334,-0.0636971212531521,-0.847048032067419,-0.103189795585237,0.743858236482182,NA,NA,NA,NA,NA,NA,NA,NA,NA,NA,NA,NA,NA,NA,NA,NA,"278.151809184","InChI=1S/C16H22O4/c1-2-3-4-5-6-9-12-20-16(19)14-11-8-7-10-13(14)15(17)18/h7-8,10-11H,2-6,9,12H2,1H3,(H,17,18)","PKIYFBICNICNGJ-UHFFFAOYSA-N","PKIYFBICNICNGJ","CCCCCCCCOC(=O)c1ccccc1C(=O)O","C16H22O4","Octyl hydrogen phthalate","http://www.wikidata.org/entity/Q27225611","Shikimates and Phenylpropanoids","Phenolic acids (C6-C1)","Shikimates and Phenylpropanoids","Phenolic acids (C6-C1)","Shikimic acids and derivatives","Aloe vera","['Eukaryota']","['Archaeplastida']","['Streptophyta']","['Magnoliopsida']","['Asparagales']","['Asphodelaceae']","['Unknown']","['Aloe']","['Aloe vera']","nan","62303.0","http://www.wikidata.org/entity/Q80079",0,0,1,0,1,-0.817041456918251,0.568862275449102,-2.00804832225625,0.99001996007984,-1.48284066559631,0.820359281437126,0.0603142857142857,0.820359281437126
1734,"1734_156.99_8.1","NA_[1734_156.99_8.1]",156.991670172993,8.081162,5.74782491480352e-05,0.408822497845597,0.0777243504167688,2.71827245497125e-05,4.97925111822006e-05,0.218642784437232,4.24049646943357,0.388465212625428,1.10944289889676,4.56570701568283,4.30283597042927,0.660264850497499,0.954362784782137,1.81021696088986,0.905108480444928,1.89678075230385,0.948390376151923,0.5,-0.0673903084102388,0.856162619762365,-0.143837380237635,0.923552928172604,-0.076447071827396,-1,"Acetic acid, (acetylthio)-",NA,NA,0.065,0.065,-80.609,9.803,0.268,"InChI=1S/C4H6O3S/c1-3(5)8-2-4(6)7/h2H2,1H3,(H,6,7)","QSBWDKUBOZHGOU","C4H6O3S","[M + Na]+","CC(=O)SCC(=O)O","Fatty acids","Thia fatty acids","Fatty Acids and Conjugates",NA,NA,NA,NA,NA,NA,NA,NA,NA,NA,NA,NA,NA,NA,NA,NA,NA,NA,NA,NA,NA,NA,NA,NA,NA,NA,NA,0,1,0,1,0.118679837378162,0.281437125748503,1.41705050316284,0.127744510978044,1.37540750729894,0.12375249500998,0.203347619047619,0.063872255489022
1855,"1855_254.25_8.4","NA_[1855_254.25_8.4]",254.249150756596,8.414452,0.0125547245444576,0.628144742639837,0.896628689211849,0.0123268119430678,0.00727337755912416,0.823201789588749,1.90119281143648,0.20194027077437,0.0473873692321483,1.90914922953245,2.1382638677306,0.0844936941157964,1.04976569315606,1.85398754345442,0.943354688776573,1.76609652567375,0.898633566448936,0.508824717893669,0.0700673554691425,0.890631550836744,-0.0841277879007545,0.820564195367601,-0.154195143369897,-0.974759338737498,"11-Hexadecynal",NA,NA,0.26,0.26,-100.068,203.899,1,"InChI=1S/C16H28O/c1-2-3-4-5-6-7-8-9-10-11-12-13-14-15-16-17/h16H,2-4,7-15H2,1H3","CJULORNYMKTGAE","C16H28O","[M + H3N + H]+","CCCCC#CCCCCCCCCCC=O","Fatty acids","Fatty aldehydes","Fatty acyls","253.240564612","InChI=1S/C16H31NO/c1-3-4-5-6-7-8-9-10-11-12-13-14-16(18)15(2)17/h3,6-7,15-16,18H,1,4-5,8-14,17H2,2H3/b7-6+/t15-,16+/m0/s1","PKCDBAJESFUNQJ-BUWFCSEKSA-N","PKCDBAJESFUNQJ","C=CCC/C=C/CCCCCCC[C@@H](O)[C@H](C)N","C16H31NO","(2S,3R,11E)-2-Amino-11,15-hexadecadiene-3-ol","http://www.wikidata.org/entity/Q105210304","Fatty acids","Sphingolipids","Fatty acids","Fatty amides","Primary amides","Pseudodistoma obscurum","['Eukaryota']","['Metazoa']","['Chordata']","['Ascidiacea']","['Enterogona']","['Pseudodistomidae']","['Unknown']","['Pseudodistoma']","['Pseudodistoma obscurum']","nan","3644423.0","http://www.wikidata.org/entity/Q4915771",1,0,1,0,1,-0.14286005839829,0.463073852295409,0.301538758438308,0.261477045908184,0.578691553028547,0.219560878243513,0.0925809523809524,0.463073852295409
1861,"1861_383.07_8.5","NA_[1861_383.07_8.5]",383.072474441958,8.457518,0.0193194114002233,0.480305842996623,0.974824959844609,0.0290289681511621,0.00434813743669049,0.0804143301988788,1.71400610926261,0.318482130067771,0.0110733594790995,1.53716840110325,2.36169673711266,1.0946665511056,1.17800283438065,1.84978115486456,1.03306676857903,1.57026884900249,0.876964586525957,0.558480534771513,0.236343010426422,0.887354597515919,0.0469335006549749,0.651011587089496,-0.189409509771448,-0.840421096860944,"1-[2-(4-Acetylpiperazin-1-yl)ethyl]-3-[(5-chlorothiophen-2-yl)methyl]urea",NA,NA,0.002,0.002,-241.076,84.201,0.956,"InChI=1S/C14H21ClN4O2S/c1-11(20)19-8-6-18(7-9-19)5-4-16-14(21)17-10-12-2-3-13(15)22-12/h2-3H,4-10H2,1H3,(H2,16,17,21)","BVDIXHUBKWZGBI","C14H21ClN4O2S","[M + K]+","CC(=O)N1CCN(CC1)CCNC(=O)NCC2=CC=C(S2)Cl","Amino acids and Peptides","Cyclamides","Oligopeptides",NA,NA,NA,NA,NA,NA,NA,NA,NA,NA,NA,NA,NA,NA,NA,NA,NA,NA,NA,NA,NA,NA,NA,NA,NA,NA,NA,0,1,0,1,3.58376646708699,0.0179640718562874,4.13283570099415,0.00399201596806387,4.07253150092764,0.0119760479041916,0.286452380952381,0.029940119760479
1913,"1913_688.52_8.6","NA_[1913_688.52_8.6]",688.524280561644,8.551469,0.0379114206927883,0.0182624408094557,0.0159463252594152,0.988722204613574,0.997751321071909,0.996535272524782,1.42122994051481,1.73844117865072,1.79733938178734,0.00492571239704688,0.000977688516266567,0.00150732476904375,0.978777999198473,1.03052659730296,0.572195251903709,1.05287061841077,0.584601668991623,0.555245496235838,-0.0309464217536565,0.043381740492786,-0.805420568710702,0.0743281622464426,-0.774474146957046,-0.848802309203488,"(E)-1-ethyl-14-propyl-1,5,10,14-tetra-BOC-1,5,10,14-tetraazatetradec-7-ene",NA,NA,0.006,0.006,-732.021,108.361,0.04,"InChI=1S/C35H66N4O8/c1-15-21-37(29(41)45-33(6,7)8)25-20-27-39(31(43)47-35(12,13)14)23-18-17-22-38(30(42)46-34(9,10)11)26-19-24-36(16-2)28(40)44-32(3,4)5/h17-18H,15-16,19-27H2,1-14H3","IJQMHMOLWPLVHY","C35H66N4O8","[M + H3N + H]+","CCCN(CCCN(CC=CCN(CCCN(CC)C(=O)OC(C)(C)C)C(=O)OC(C)(C)C)C(=O)OC(C)(C)C)C(=O)OC(C)(C)C","Amino acids and Peptides","Open-chain polyketides","Oligopeptides","nan","nan","nan","SPPSEAUTRSATJZ",NA,"nan","nan","nan","nan","nan","nan","nan","nan","nan","['Unknown']","['Unknown']","['Unknown']","['Unknown']","['Unknown']","['Unknown']","['Unknown']","['Unknown']","['Unknown']","nan","nan","nan",0,0,1,0,1,0,0.481037924151697,-1.00100150250438,0.738522954091816,-1.00100150250438,0.704590818363273,0.0246809523809524,0.994011976047904
1929,"1929_600.47_8.6","NA_[1929_600.47_8.6]",600.47148995328,8.598164,0.0379678515892226,0.0336767737209851,0.0698308761134474,0.818294359160779,0.487817824684089,0.753858234035644,1.42058397671701,1.47266952115954,1.15595250917123,0.0870904425838816,0.31174233477155,0.122710317213443,1.11337310287398,1.31948640041266,0.662344173691322,1.18512509149595,0.594898666028121,0.501971201434271,0.154937135775484,0.399976481275528,-0.594347015849633,0.245039345500044,-0.749284151625116,-0.994323497125161,NA,NA,NA,NA,NA,NA,NA,NA,NA,NA,NA,NA,NA,NA,NA,NA,"nan","nan","nan","FPTGOQRFJXQGQS",NA,"nan","nan","nan","nan","nan","Alkaloids","Sesquiterpenoids","Eremophilane sesquiterpenoids","nan","['Unknown']","['Unknown']","['Unknown']","['Unknown']","['Unknown']","['Unknown']","['Unknown']","['Unknown']","['Unknown']","nan","nan","nan",0,0,1,0,1,-0.277371435197549,0.49500998003992,-0.447303065060821,0.532934131736527,-0.128038978949756,0.413173652694611,0.0612666666666667,0.798403193612774
1939,"1939_650.38_8.6","NA_[1939_650.38_8.6]",650.381191053735,8.629336,7.98046377936679e-06,2.1727330685728e-06,2.2024619830141e-06,0.999992379702045,0.999646091326861,0.999473783487305,5.09797186917971,5.66299362571201,5.65709157926538,3.30946596197724e-06,0.00015372778824549,0.000228593077752119,0.99849638420039,0.997919327015038,1.93870144141424,0.999422073835737,1.94162089326621,1.94274365565527,-0.00217089156023927,-0.00300490379338701,0.955090646582734,-0.000834012233147751,0.957261538142974,0.958095550376121,"(2R,5S,6R)-5-[[(2S)-4-amino-2-(butylsulfonylmethyl)butanoyl]amino]-N-[(5S,8R)-1-amino-8-methyl-6,9,10-trioxoundecan-5-yl]-6-hydroxy-2-methyl-4-oxoheptanamide",NA,NA,-Inf,-Inf,-340.039,52.523,0.365,"InChI=1S/C29H52N4O9S/c1-6-7-14-43(41,42)17-22(11-13-31)29(40)33-26(20(4)34)25(37)16-19(3)28(39)32-23(10-8-9-12-30)24(36)15-18(2)27(38)21(5)35/h18-20,22-23,26,34H,6-17,30-31H2,1-5H3,(H,32,39)(H,33,40)","KHSIBIJOAUSZTQ","C29H52N4O9S","[M + H3N + H]+","CCCCS(=O)(=O)CC(CCN)C(=O)NC(C(C)O)C(=O)CC(C)C(=O)NC(CCCCN)C(=O)CC(C)C(=O)C(=O)C","Amino acids and Peptides","Depsipeptides","Oligopeptides",NA,NA,NA,NA,NA,NA,NA,NA,NA,NA,NA,NA,NA,NA,NA,NA,NA,NA,NA,NA,NA,NA,NA,NA,NA,NA,NA,0,1,0,1,-1.41705050316284,0.88622754491018,-1.57532347087875,0.920159680638723,-1.78777091286215,0.932135728542914,0.0538571428571429,0.830339321357285
1943,"1943_512.42_8.6","NA_[1943_512.42_8.6]",512.418509649938,8.648612,0.0426853419919045,0.0215378831857101,0.0368273426642879,0.986016992090147,0.841927090852662,0.86326280600836,1.36972123469207,1.66679698283659,1.43382961722633,0.0061156007713647,0.0747255158772503,0.0638569704212951,1.0782811284807,1.13891119554998,0.644035791537437,1.05622844123658,0.597280036278559,0.565483765594586,0.108733365278533,0.187655260009689,-0.634787228226467,0.0789218947311562,-0.743520593505,-0.822442488236156,"N-decyl-N'-[2-[(3-imino-2-oxotridecanoyl)amino]ethyl]oxamide",NA,NA,0.624,0.624,-202.405,62.722,1,"InChI=1S/C27H50N4O4/c1-3-5-7-9-11-13-15-17-19-23(28)24(32)25(33)30-21-22-31-27(35)26(34)29-20-18-16-14-12-10-8-6-4-2/h28H,3-22H2,1-2H3,(H,29,34)(H,30,33)(H,31,35)","AGPQCYOMAWMTIP","C27H50N4O4","[M + H3N + H]+","CCCCCCCCCCC(=N)C(=O)C(=O)NCCNC(=O)C(=O)NCCCCCCCCCC","Fatty acids","Aminoacids","Fatty amides","511.418303188","InChI=1S/C22H49N13O/c1-18(36)35-22(27)34-17-9-8-16-33-21(26)32-15-7-6-14-31-20(25)30-13-5-4-12-29-19(24)28-11-3-2-10-23/h2-17,23H2,1H3,(H3,24,28,29)(H3,25,30,31)(H3,26,32,33)(H3,27,34,35,36)","XGUDPXVVHRTYBT-UHFFFAOYSA-N","XGUDPXVVHRTYBT","CC(=O)NC(=N)NCCCCNC(=N)NCCCCNC(=N)NCCCCNC(=N)NCCCCN","C22H49N13O","Cabanillasin","http://www.wikidata.org/entity/Q75057792","Alkaloids","Ornithine alkaloids","Alkaloids","Sesquiterpenoids","Eremophilane sesquiterpenoids","Xenorhabdus cabanillasii","['Bacteria']","['Unknown']","['Proteobacteria']","['Gammaproteobacteria']","['Enterobacteriales']","['Morganellaceae']","['Unknown']","['Xenorhabdus']","['Xenorhabdus cabanillasii']","nan","846134.0","http://www.wikidata.org/entity/Q26307579",0,0,1,0,1,-0.447303065060821,0.506986027944112,0,0.481037924151697,0,0.427145708582834,0.0565095238095238,0.820359281437126
2026,"2026_263.24_8.8","NA_[2026_263.24_8.8]",263.238689010761,8.818747,0.0448506493417399,0.167226780511854,0.60321778674935,0.268862335638385,0.0667509559611076,0.341975749634832,1.34823126491659,0.77669417129187,0.21952586114822,0.570470032920243,1.17554251025311,0.466004689771894,1.1777455853338,1.71445641275827,0.857228206379137,1.45571032836634,0.72785516418317,0.5,0.236027924212184,0.777751226585109,-0.222248773414891,0.541723302372925,-0.458276697627075,-1,"Selin Cla",NA,NA,0.576,0.325,-98.72,160.118,1,"InChI=1S/C18H32O2/c1-2-3-4-5-6-7-8-9-10-11-12-13-14-15-16-17-18(19)20/h7-10H,2-6,11-17H2,1H3,(H,19,20)","JBYXPOFIGCOSSB","C18H32O2","[M - H2O + H]+","CCCCCCC=CC=CCCCCCCCC(=O)O","Fatty acids","Unsaturated fatty acids","Fatty Acids and Conjugates","262.22966558","InChI=1S/C18H30O/c1-13-7-6-8-16-17(13,4)11-9-14(2)18(16,5)12-10-15(3)19/h7,14,16H,6,8-12H2,1-5H3/t14-,16-,17+,18+/m1/s1","GMVGICPZYOQEHV-BGTYHANMSA-N","GMVGICPZYOQEHV","CC(=O)CC[C@@]1(C)[C@H](C)CC[C@@]2(C)C(C)=CCC[C@@H]12","C18H30O","4-[(1S,2R,4aR,8aS)-1,2,4a,5-tetramethyl-2,3,4,7,8,8a-hexahydronaphthalen-1-yl]butan-2-one","http://www.wikidata.org/entity/Q105012183","Terpenoids","Diterpenoids","Fatty acids","Diterpenoids","Unsaturated fatty acids","Parentucellia latifolia","['Eukaryota']","['Archaeplastida']","['Streptophyta']","['Magnoliopsida']","['Lamiales']","['Orobanchaceae']","['Rhinantheae']","['Parentucellia']","['Parentucellia latifolia']","nan","981066.0","http://www.wikidata.org/entity/Q7136830",4,0,1,0,1,-0.108466504993364,0.451097804391218,0.817041456918251,0.201596806387226,0.18363545175961,0.291417165668663,0.145385714285714,0.129740518962076
2027,"2027_280.27_8.8","NA_[2027_280.27_8.8]",280.265182869361,8.813586,0.045715276211575,0.176983968952205,0.554941876970865,0.260822140972732,0.0762437330309946,0.434126803712553,1.33993865188207,0.752066069857976,0.255752501260554,0.583655544481009,1.11779584800625,0.36238339926821,1.15649683215872,1.69270893556171,0.846354467780855,1.46365202955384,0.731826014776922,0.5,0.209761314192731,0.759333920473717,-0.240666079526283,0.549572606280987,-0.450427393719013,-1,"Farnesylacetone",NA,NA,0.303,0.282,-60.592,203.436,1,"InChI=1S/C18H30O/c1-15(2)9-6-10-16(3)11-7-12-17(4)13-8-14-18(5)19/h9,11,13H,6-8,10,12,14H2,1-5H3","LTUMRKDLVGQMJU","C18H30O","[M + H3N + H]+","CC(=CCCC(=CCCC(=CCCC(=O)C)C)C)C","Fatty acids","Fatty aldehydes","Fatty acyls","279.256214676","InChI=1S/C18H33NO/c1-2-3-4-5-6-7-8-9-10-11-12-13-14-15-16-17-18(19)20/h6-7,9-10H,2-5,8,11-17H2,1H3,(H2,19,20)","SFIHQZFZMWZOJV-UHFFFAOYSA-N","SFIHQZFZMWZOJV","CCCCCC=CCC=CCCCCCCCC(N)=O","C18H33NO","CID 3930","http://www.wikidata.org/entity/Q27164841","Fatty acids","Fatty amides","Fatty acids","Fatty amides","N-acyl amines","Averrhoa bilimbi","['Eukaryota']","['Archaeplastida']","['Streptophyta']","['Magnoliopsida']","['Oxalidales']","['Oxalidaceae']","['Unknown']","['Averrhoa']","['Averrhoa bilimbi']","nan","829006.0","http://www.wikidata.org/entity/Q237465",4,0,1,0,1,0.542485722641766,0.229540918163673,1.00100150250438,0.183632734530938,1.02672581904503,0.125748502994012,0.138780952380952,0.119760479041916
2175,"2175_540.45_9.6","NA_[2175_540.45_9.6]",540.452793505174,9.62573,0.041276461111815,0.0189903828960689,0.0252030767218456,0.993826538885293,0.951989481299975,0.973048151766241,1.38429754455657,1.72146627865564,1.59854643851383,0.00268941014879992,0.0213678501854995,0.0118656679238964,1.04351572906601,1.08840694829371,0.609674584038284,1.04301920706828,0.584250497674786,0.560153153187849,0.0614523466161099,0.122218071767187,-0.713888690349777,0.0607657251510771,-0.775341036965887,-0.836106762116964,NA,NA,NA,NA,NA,NA,NA,NA,NA,NA,NA,NA,NA,NA,NA,NA,NA,NA,NA,NA,NA,NA,NA,NA,NA,NA,NA,NA,NA,NA,NA,NA,NA,NA,NA,NA,NA,NA,NA,NA,NA,NA,NA,0,1,0,1,-1.67594568898395,0.930139720558882,-1.41705050316284,0.898203592814371,-1.69272711108485,0.878243512974052,0.0480793650793651,0.854291417165669
2211,"2211_130.15_9.8","NA_[2211_130.15_9.8]",130.153046379983,9.788138,0.0397949126373307,0.0481960140750851,0.0206915692231998,0.682272004366961,0.980594696960821,0.644196627105495,1.40017244437741,1.31698887746189,1.6842065717251,0.166042448738252,0.0085104597405443,0.190981553396033,1.08581093478034,0.962803472776445,1.78673811932197,0.88671373803324,1.64553336321247,1.85576617642387,0.118772917874604,-0.0546867493479894,0.83732819529598,-0.173459667222593,0.718555277421376,0.89201494464397,NA,NA,NA,NA,NA,NA,NA,NA,NA,NA,NA,NA,NA,NA,NA,NA,NA,NA,NA,NA,NA,NA,NA,NA,NA,NA,NA,NA,NA,NA,NA,NA,NA,NA,NA,NA,NA,NA,NA,NA,NA,NA,NA,0,1,0,1,0.921138575917935,0.189620758483034,-0.202038755558563,0.413173652694611,0.637482928983009,0.19560878243513,0.162047619047619,0.107784431137725
2214,"2214_139.99_9.9","NA_[2214_139.99_9.9]",139.98948955797,9.883542,0.0257753574707268,0.00580122291741103,0.000515231616653788,0.97181492529648,0.041865092641596,0.00933302970373329,1.58879530290235,2.23648044604051,3.28799749480008,0.0124164352543606,1.37814794342166,2.02997735196367,0.783361580694252,0.761324331732576,0.568863604414481,0.971868356191089,0.726182670217662,0.747202710728942,-0.352249720620975,-0.393416907780751,-0.813845313749945,-0.0411671871597754,-0.461595593128969,-0.420428405969194,NA,NA,NA,NA,NA,NA,NA,NA,NA,NA,NA,NA,NA,NA,NA,NA,NA,NA,NA,NA,NA,NA,NA,NA,NA,NA,NA,NA,NA,NA,NA,NA,NA,NA,NA,NA,NA,NA,NA,NA,NA,NA,NA,0,1,0,1,3.54521764280691,0.00798403193612774,4.96994768642953,0.00199600798403194,4.89458903319652,0.00199600798403194,0.353,0.00798403193612774
2215,"2215_184.99_9.9","NA_[2215_184.99_9.9]",184.987806225793,9.885368,0.0288235929193843,0.0363387376401998,0.00331657490257731,0.618912293486896,0.650401952164822,0.031261905212874,1.54025188445867,1.43963016358323,2.47931019001081,0.208370890807755,0.186818163888254,1.5049845580435,0.764926335491762,0.869567373631616,0.562966090150808,1.13679884360705,0.735974255336475,0.647409398307649,-0.386607275889744,-0.2016302837573,-0.828880069641565,0.184976992132444,-0.442272793751821,-0.627249785884265,"4-Nitrophenylethynyl radical",NA,NA,-Inf,-Inf,-137.176,93.025,0.996,"InChI=1S/C8H4NO2/c1-2-7-3-5-8(6-4-7)9(10)11/h3-6H","AGCSULNWXLNEMI","C8H4NO2","[M + K]+","[C]#CC1=CC=C(C=C1)[N+](=O)[O-]","Alkaloids","Cyanogenic glycosides","Phenolic acids (C6-C1)",NA,NA,NA,NA,NA,NA,NA,NA,NA,NA,NA,NA,NA,NA,NA,NA,NA,NA,NA,NA,NA,NA,NA,NA,NA,NA,NA,0,1,0,1,1.91968496901196,0.0778443113772455,2.13093120731117,0.0459081836327345,2.64131615616022,0.0339321357285429,0.228990476190476,0.0738522954091816
2376,"2376_666.61_10.4","NA_[2376_666.61_10.4]",666.610763931164,10.390471,0.010538948036629,0.0138898714795198,0.0120636883140615,0.45319746043673,0.521898029773665,0.99572569096067,1.9772027368168,1.85730177269245,1.91851989206713,0.343712532439277,0.282414342654102,0.00186028738964624,0.982013181548053,1.23141914881508,0.615709574407538,1.25397415427139,0.626987077135695,0.5,-0.0261857049437541,0.300321908037698,-0.699678091962302,0.326507612981453,-0.673492387018547,-1,NA,NA,NA,NA,NA,NA,NA,NA,NA,NA,NA,NA,NA,NA,NA,NA,NA,NA,NA,NA,NA,NA,NA,NA,NA,NA,NA,NA,NA,NA,NA,NA,NA,NA,NA,NA,NA,NA,NA,NA,NA,NA,NA,0,1,0,1,-1.00100150250438,0.746506986027944,-0.632708666137081,0.568862275449102,-0.670780010770969,0.538922155688623,0.0641476190476191,0.682634730538922
2388,"2388_666.61_10.4","NA_[2388_666.61_10.4]",666.610633421566,10.395698,0.00357055711046039,0.00325657742545293,0.0040387657282972,0.487749047838166,0.373233429625097,0.976358995228751,2.44726401606647,2.48723859197255,2.39375133768383,0.311803569742842,0.428019464465979,0.0103904682141179,1.02743412618412,1.22807997157393,0.614039985786966,1.19528828201863,0.597644141009314,0.5,0.0390458986524291,0.296404510900675,-0.703595489099325,0.257358612248246,-0.742641387751754,-1,NA,NA,NA,NA,NA,NA,NA,NA,NA,NA,NA,NA,NA,NA,NA,NA,NA,NA,NA,NA,NA,NA,NA,NA,NA,NA,NA,NA,NA,NA,NA,NA,NA,NA,NA,NA,NA,NA,NA,NA,NA,NA,NA,0,1,0,1,-1.00100150250438,0.744510978043912,-2.3461417344161,1,-2.29230197460211,0.992015968063872,0.0737428571428572,0.57684630738523
2414,"2414_151.1_10.6","NA_[2414_151.1_10.6]",151.099359601863,10.569807,0.0188153015036554,0.00331073906546242,0.00481156804232008,0.894902662857491,0.993019319781754,0.898669166429432,1.72548881798591,2.48007504664009,2.31771336829339,0.0482241996369095,0.00304230196485453,0.046400158809275,0.96900769692024,1.01970398396559,1.73764014544668,1.05231773411757,1.79321604046011,1.70406330932342,-0.045419969737657,0.0281504043086302,0.797129339843191,0.0735703740462874,0.842549309580848,0.768978935534561,"3-(Methylamino)pyridine-2-carbonitrile",NA,NA,0.239,0.239,-51.475,23.111,1,"InChI=1S/C7H7N3/c1-9-6-3-2-4-10-7(6)5-8/h2-4,9H,1H3","UWJGWWBVJKHQNL","C7H7N3","[M + H3N + H]+","CNC1=C(N=CC=C1)C#N","Alkaloids","Pyridine alkaloids","Nicotinic acid alkaloids",NA,NA,NA,NA,NA,NA,NA,NA,NA,NA,NA,NA,NA,NA,NA,NA,NA,NA,NA,NA,NA,NA,NA,NA,NA,NA,NA,0,1,0,1,-1.63736530665978,0.918163672654691,-0.277371435197549,0.483033932135729,-1.15464964585252,0.722554890219561,0.114690476190476,0.303393213572854
2418,"2418_138.1_10.6","NA_[2418_138.1_10.6]",138.104042788205,10.5753975,0.00813516369411305,0.00203993944527225,0.00378848119086461,0.995193182786309,0.949747301377762,0.650718733818844,2.08963370385376,2.69038272422824,2.42153486460407,0.00209260762153253,0.0223919317805195,0.186606689997307,0.950180055494715,0.9648538268876,1.71935572899749,1.01544314817811,1.80950517647131,1.78198570714461,-0.0737271703327237,-0.0516177008980672,0.781868064517165,0.0221094694346563,0.855595234849888,0.833485765415232,"2-ethenyl-6-methylpyrazine",NA,NA,0.095,0.095,-57.636,15.777,1,"InChI=1S/C7H8N2/c1-3-7-5-8-4-6(2)9-7/h3-5H,1H2,2H3","KZXOOWGVLDEHDT","C7H8N2","[M + H3N + H]+","CC1=CN=CC(=N1)C=C","Alkaloids","Pyridine alkaloids","Nicotinic acid alkaloids","274.193280072","InChI=1S/C18H26O2/c1-18-9-8-14-13-5-3-12(19)10-11(13)2-4-15(14)16(18)6-7-17(18)20/h10,13-17,20H,2-9H2,1H3/t13-,14+,15+,16-,17-,18-/m0/s1","NPAGDVCDWIYMMC-IZPLOLCNSA-N","NPAGDVCDWIYMMC","C[C@]12CC[C@H]3[C@@H](CCC4=CC(=O)CC[C@@H]43)[C@@H]1CC[C@@H]2O","C18H26O2","Nandrolone","http://www.wikidata.org/entity/Q421709","Terpenoids","Steroids","Terpenoids","Steroids","Cholestane steroids","Arabidopsis thaliana","['Eukaryota']","['Archaeplastida']","['Streptophyta']","['Magnoliopsida']","['Brassicales']","['Brassicaceae']","['Camelineae']","['Arabidopsis']","['Arabidopsis thaliana']","nan","309263.0","http://www.wikidata.org/entity/Q158695",9,0,1,0,1,1.94881009766875,0.0598802395209581,-0.57754281555789,0.50499001996008,0.751448852872144,0.201596806387226,0.149361904761905,0.173652694610778
2421,"2421_130.16_10.6","NA_[2421_130.16_10.6]",130.160653885815,10.573946,3.63996992374105e-05,6.67999777914652e-06,5.36126395678238e-06,0.916954713481676,0.601184361508105,0.738277759927887,4.43890220481448,5.17522368191137,5.27073281016846,0.0376521127167599,0.220992325156105,0.131780214180915,1.0171144500152,1.0343262907969,1.94455146933615,1.01692222618747,1.91183152427643,1.88001744385513,0.0244820264709437,0.0486913731351881,0.959437421233064,0.0242093466642445,0.93495539476212,0.910746048097876,NA,NA,NA,NA,NA,NA,NA,NA,NA,NA,NA,NA,NA,NA,NA,NA,NA,NA,NA,NA,NA,NA,NA,NA,NA,NA,NA,NA,NA,NA,NA,NA,NA,NA,NA,NA,NA,NA,NA,NA,NA,NA,NA,0,1,0,1,-1.41705050316284,0.902195608782435,0.534675270017429,0.261477045908184,-0.590810223916614,0.516966067864271,0.119709523809524,0.279441117764471
2480,"2480_321.32_10.8","NA_[2480_321.32_10.8]",321.315521321386,10.813603,0.0378431537511829,0.0484331995710053,0.915181580457984,0.649563855259272,0.0259342474430634,0.0159857611457175,1.42201267777599,1.31485683985016,0.0384927293573859,0.187378149250532,1.58612634979366,1.79626668041105,1.44560893908938,1.77906318183111,0.935209886928516,1.23066697619606,0.646931449882722,0.525675477115964,0.531677332413686,0.831117747533577,-0.0966379129355204,0.299440415119892,-0.628315245349206,-0.927755660469098,"Erucic Acid",NA,NA,0.822,0.527,-69.973,147.588,0.754,"InChI=1S/C22H42O2/c1-2-3-4-5-6-7-8-9-10-11-12-13-14-15-16-17-18-19-20-21-22(23)24/h9-10H,2-8,11-21H2,1H3,(H,23,24)","DPUOLQHDNGRHBS","C22H42O2","[M - H2O + H]+","CCCCCCCCC=CCCCCCCCCCCCC(=O)O","Fatty acids","Unsaturated fatty acids","Fatty Acids and Conjugates","320.30791589999995","InChI=1S/C22H40O/c1-2-3-4-5-6-7-8-9-10-11-12-13-14-15-16-17-18-19-20-21-22-23/h3-4,6-7,9-10,23H,2,5,8,11-22H2,1H3","LCDDKECOTQQPAO-UHFFFAOYSA-N","LCDDKECOTQQPAO","CCC=CCC=CCC=CCCCCCCCCCCCCO","C22H40O","13,16,19-Docosatrienol","http://www.wikidata.org/entity/Q115948230","Fatty acids","Fatty acyls","Terpenoids","Sesquiterpenoids","Fatty alcohols","Solanum lycopersicum","['Eukaryota']","['Archaeplastida']","['Streptophyta']","['Magnoliopsida']","['Solanales']","['Solanaceae']","['Solaneae']","['Solanum']","['Solanum lycopersicum']","nan","378964.0","http://www.wikidata.org/entity/Q23501",0,0,1,0,1,2.86299167156934,0.0259481037924152,3.99170503240998,0.00798403193612774,4.09359157615417,0.00998003992015968,0.317647619047619,0.0139720558882236
2486,"2486_130.15_10.8","NA_[2486_130.15_10.8]",130.151836403264,10.832361,0.00209439189678906,0.000307654779658773,0.000355864727922595,0.736881438466106,0.856384742684568,0.978528743621854,2.67894205107722,3.51193633341747,3.44871505562558,0.132602382917123,0.0673310786813429,0.00942641271112408,0.988024783202601,1.04073404216693,1.86029290350786,1.05334811419758,1.88284032458971,1.78748155449446,-0.0173808646613577,0.0576014374470193,0.895529791854596,0.074982302108377,0.912910656515953,0.837928354407577,NA,NA,NA,NA,NA,NA,NA,NA,NA,NA,NA,NA,NA,NA,NA,NA,NA,NA,NA,NA,NA,NA,NA,NA,NA,NA,NA,NA,NA,NA,NA,NA,NA,NA,NA,NA,NA,NA,NA,NA,NA,NA,NA,0,1,0,1,1.57532347087875,0.103792415169661,-1.00100150250438,0.708582834331337,1.40275209380409,0.127744510978044,0.108809523809524,0.467065868263473
2502,"2502_163.1_10.9","NA_[2502_163.1_10.9]",163.098101441336,10.864574,0.023891907549802,0.975747665604019,0.789436735511274,0.00546268227349045,0.00344573805974024,0.835861707372526,1.62174917443261,0.0106624790592742,0.102682668086653,2.26259405866218,2.46271774010134,0.0778655702800528,1.04108172472595,1.84721928971081,1.07481290576528,1.77432688120336,1.0324001279037,0.581854526829647,0.0580833243808605,0.885355143742653,0.104085549660391,0.827271819361792,0.0460022252795308,-0.781269594082261,"4-(1H-imidazol-2-yl)pyridine",NA,NA,0.209,0.083,-61.031,85.892,0.984,"InChI=1S/C8H7N3/c1-3-9-4-2-7(1)8-10-5-6-11-8/h1-6H,(H,10,11)","QWZSAEUNIBEKIZ","C8H7N3","[M + H3N + H]+","C1=CN=CC=C1C2=NC=CN2","Alkaloids","Pyridine alkaloids","Nicotinic acid alkaloids",NA,NA,NA,NA,NA,NA,NA,NA,NA,NA,NA,NA,NA,NA,NA,NA,NA,NA,NA,NA,NA,NA,NA,NA,NA,NA,NA,0,1,0,1,-1.55605511022369,0.882235528942116,2.07360061577653,0.0359281437125748,-0.446561177378193,0.467065868263473,0.195061904761905,0.0778443113772455
2559,"2559_694.5_11","NA_[2559_694.5_11]",694.495460993114,11.0213785,0.0461665985773281,0.22640367497151,0.258917125861004,0.00226261716428688,0.00247787324117821,0.997712528393379,1.33567212184293,0.645116527983347,0.586839222562628,2.64538892262627,2.60592091428962,0.000994574260631351,1.01255175081405,0.583212542395317,0.814847857829932,0.575982947959388,0.804746875579274,1.39717135451728,0.0179956450193213,-0.777906348718822,-0.295397379401543,-0.795901993738144,-0.313393024420864,0.48250896931728,NA,NA,NA,NA,NA,NA,NA,NA,NA,NA,NA,NA,NA,NA,NA,NA,NA,NA,NA,NA,NA,NA,NA,NA,NA,NA,NA,NA,NA,NA,NA,NA,NA,NA,NA,NA,NA,NA,NA,NA,NA,NA,NA,0,1,0,1,-1.34406227991274,0.816367265469062,-0.714650424911616,0.588822355289421,-1.09676202005208,0.722554890219561,0.119314285714286,0.363273453093812
2584,"2584_651.46_11.1","NA_[2584_651.46_11.1]",651.460451111231,11.109556,0.0476664161380924,0.116199214895979,0.293854841807811,0.407319386886765,0.165349294721944,0.633828264276706,1.32178749984474,0.934796806261487,0.531867149077229,0.390064918621174,0.781597653178588,0.198028398238627,1.12700569855569,1.55465236689136,0.77732618344568,1.37945386512573,0.689726932562863,0.5,0.17249481032579,0.636592017892425,-0.363407982107575,0.464097207566635,-0.535902792433365,-1,NA,NA,NA,NA,NA,NA,NA,NA,NA,NA,NA,NA,NA,NA,NA,NA,NA,NA,NA,NA,NA,NA,NA,NA,NA,NA,NA,NA,NA,NA,NA,NA,NA,NA,NA,NA,NA,NA,NA,NA,NA,NA,NA,0,1,0,1,-0.447303065060821,0.522954091816367,0,0.506986027944112,-0.659044185035464,0.530938123752495,0.0877603174603175,0.405189620758483
2631,"2631_130.15_11.3","NA_[2631_130.15_11.3]",130.151673163432,11.258704,0.00363626560053032,0.00106547565398096,0.000798608073605989,0.99998527569028,0.979484237647949,0.91012633817662,2.43934440250399,2.9724564694247,3.09766630357719,6.39473354048223e-06,0.00900254849782861,0.0408983173881754,1.02394305891599,1.02198061022946,1.83847465465541,0.998083439631285,1.79548524563634,1.79893300934803,0.0341354898461146,0.0313678246599041,0.878509287580102,-0.00276766518621034,0.844373797733988,0.847141462920198,NA,NA,NA,NA,NA,NA,NA,NA,NA,NA,NA,NA,NA,NA,NA,NA,NA,NA,NA,NA,NA,NA,NA,NA,NA,NA,NA,NA,NA,NA,NA,NA,NA,NA,NA,NA,NA,NA,NA,NA,NA,NA,NA,0,1,0,1,-1.00100150250438,0.780439121756487,-1.38942503594182,0.850299401197605,-1.34406227991274,0.792415169660679,0.0765380952380952,0.630738522954092
2718,"2718_124.09_11.5","NA_[2718_124.09_11.5]",124.087205953506,11.495075,0.0133087826178344,0.996043156675831,0.790737077836173,0.00504120428832622,0.00194274693663377,0.352575662647769,1.87586166853261,0.00172184400589793,0.101967896560895,2.2974657029794,2.71158376717237,0.452747669185207,1.08162297209084,1.82213444676774,1.06523137955792,1.68462994387541,0.984845373151395,0.58460635626944,0.113197697791893,0.865629412778272,0.0911668331596562,0.75243171498638,-0.0220308646322365,-0.774462579618617,"2-Vinylpyrimidine",NA,NA,0.268,0.243,-29.915,61.446,1,"InChI=1S/C6H6N2/c1-2-6-7-4-3-5-8-6/h2-5H,1H2","ZDHWTWWXCXEGIC","C6H6N2","[M + H3N + H]+","C=CC1=NC=CC=N1","Alkaloids","Pyridine alkaloids","Nicotinic acid alkaloids",NA,NA,NA,NA,NA,NA,NA,NA,NA,NA,NA,NA,NA,NA,NA,NA,NA,NA,NA,NA,NA,NA,NA,NA,NA,NA,NA,0,1,0,1,-1.41705050316284,0.870259481037924,-0.632708666137081,0.570858283433134,-0.954867524562422,0.590818363273453,0.126095238095238,0.253493013972056
2738,"2738_153.11_11.5","NA_[2738_153.11_11.5]",153.113665055023,11.5406275,0.027773063080623,0.986063237319393,0.935138487581936,0.00684239381782825,0.00547012451822948,0.978430434004292,1.55637621943406,0.00609523238312136,0.0291240683371703,2.1647919333682,2.26200278756703,0.00947004706481836,1.01960897195874,1.78764909334164,1.04748523690521,1.75326928509411,1.02734015265962,0.585956852945424,0.0280159733957006,0.838063570425099,0.0669299109473192,0.810047597029398,0.0389139375516188,-0.771133659477779,"5,6,7,8-Tetrahydropyrido[3,4-d]pyrimidine",NA,NA,0.137,0.137,-80.349,76.797,1,"InChI=1S/C7H9N3/c1-2-8-4-7-6(1)3-9-5-10-7/h3,5,8H,1-2,4H2","WGJUBVJZKNTGRC","C7H9N3","[M + H3N + H]+","C1CNCC2=NC=NC=C21","Alkaloids","Pyridine alkaloids","Nicotinic acid alkaloids","130.135765196","InChI=1S/C8H18O/c1-3-5-6-8(4-2)7-9/h8-9H,3-7H2,1-2H3","YIWUKEYIRIRTPP-UHFFFAOYSA-N","YIWUKEYIRIRTPP","CCCCC(CC)CO","C8H18O","2-Ethylhexan-1-ol","http://www.wikidata.org/entity/Q209388","Fatty acids","Fatty acyls","Fatty acids","Fatty acyls","Fatty alcohols","Arabidopsis thaliana","['Eukaryota']","['Archaeplastida']","['Streptophyta']","['Magnoliopsida']","['Brassicales']","['Brassicaceae']","['Camelineae']","['Arabidopsis']","['Arabidopsis thaliana']","nan","309263.0","http://www.wikidata.org/entity/Q158695",9,0,1,0,1,-1.25922908409112,0.74251497005988,-1.38942503594182,0.822355289421158,-0.990798012849637,0.620758483033932,0.128457142857143,0.339321357285429
2751,"2751_151.1_11.6","NA_[2751_151.1_11.6]",151.098063209915,11.5984335,0.011165382908034,0.995781019725473,0.994687615335293,0.00416308379290409,0.00422860561829808,0.999990727601476,1.95212637854913,0.00183615593468122,0.00231328934190293,2.38058484771768,2.37380281752129,4.02697018274801e-06,0.998614613164912,1.83590516831657,0.981922696915961,1.83845213570231,0.983284926908841,0.534843909076379,-0.00200007647662079,0.876491539834067,-0.0263186438360257,0.878491616310688,-0.0243185673594049,-0.902810183670093,"Pyrazolo[1,5-a]pyridin-4-amine",NA,NA,0.171,0.171,-58.754,49.349,1,"InChI=1S/C7H7N3/c8-6-2-1-5-10-7(6)3-4-9-10/h1-5H,8H2","OGXWKAPKKLJNMT","C7H7N3","[M + H3N + H]+","C1=CN2C(=CC=N2)C(=C1)N","Alkaloids","Pyridine alkaloids","Nicotinic acid alkaloids","128.120115132","InChI=1S/C8H16O/c1-3-5-6-7-8(9)4-2/h4,8-9H,2-3,5-7H2,1H3/t8-/m1/s1","VSMOENVRRABVKN-MRVPVSSYSA-N","VSMOENVRRABVKN","C=C[C@@H](O)CCCCC","C8H16O","(S)-1-Octen-3-ol","http://www.wikidata.org/entity/Q27093997","Fatty acids","Fatty acyls","Fatty acids","Fatty acyls","Fatty alcohols","Arabidopsis thaliana","['Eukaryota']","['Archaeplastida']","['Streptophyta']","['Magnoliopsida']","['Brassicales']","['Brassicaceae']","['Camelineae']","['Arabidopsis']","['Arabidopsis thaliana']","nan","309263.0","http://www.wikidata.org/entity/Q158695",9,0,1,0,1,-1.00100150250438,0.748502994011976,-1.00100150250438,0.748502994011976,-1.00100150250438,0.682634730538922,0.0857142857142857,0.558882235528942
2810,"2810_750.41_11.7","NA_[2810_750.41_11.7]",750.407575630055,11.688283,0.0039985418039491,0.00337436359953969,0.00218154262283643,0.551077229204328,0.830298778033892,0.831649725181038,2.39809835916166,2.47180812246836,2.66123629737722,0.258787533876036,0.0807656012355209,0.0800595516564424,1.03786974486163,0.945276890430205,1.84399474161927,0.910785669502513,1.7767111439067,1.95074560722631,0.0536253933742279,-0.0811911095338844,0.882834541748478,-0.134816502908112,0.82920914837425,0.964025651282362,NA,NA,NA,NA,NA,NA,NA,NA,NA,NA,NA,NA,NA,NA,NA,NA,NA,NA,NA,NA,NA,NA,NA,NA,NA,NA,NA,NA,NA,NA,NA,NA,NA,NA,NA,NA,NA,NA,NA,NA,NA,NA,NA,0,1,0,1,-0.817041456918251,0.588822355289421,-1.63736530665978,0.908183632734531,-1.3280556888735,0.764471057884232,0.100328571428571,0.467065868263473
